dataset,method,likelihood,x,med,low,hi,hpd_lo,hpd_hi
syn1,RI_BM,bc,0.01,0.9397847896948046,0.757038617673775,1.1806704166161206,0.7440163928850368,1.1633742612713174
syn1,RI_BM,bc,0.02,0.9662515315648108,0.7806019984256536,1.21819996561283,0.768999937098343,1.2021412728452554
syn1,RI_BM,bc,0.03,0.9847941740701935,0.7930575141810652,1.2533891066714153,0.7784940249474436,1.2336635722849842
syn1,RI_BM,bc,0.04,0.9933295463947533,0.7951173667411046,1.280035917284767,0.7791945103507751,1.257458489903644
syn1,RI_BM,bc,0.05,0.9950015847459541,0.7906795908135434,1.293753653243746,0.7696379183868224,1.265292661843853
syn1,RI_BM,bc,0.06,0.9949823899537977,0.7829420497127626,1.3028103889649951,0.7653074628608135,1.2748136206993457
syn1,RI_BM,bc,0.07,0.9991147821382373,0.7796318549899905,1.323993286080426,0.7596964582275418,1.2924697538072727
syn1,RI_BM,bc,0.08,1.0029766579416948,0.7763548468805661,1.3513723500048151,0.7573990347305676,1.3198590189686978
syn1,RI_BM,bc,0.09,1.0071884607660284,0.773822400323571,1.3786110870587434,0.7452293589216384,1.3331001975587171
syn1,RI_BM,bc,0.1,1.01045757437773,0.7705876832108506,1.404746037661879,0.7429242714146752,1.3572581573111062
syn1,RI_BM,bc,0.11,1.012640019980733,0.7666132644103928,1.4302284675095756,0.7317619678240922,1.3740002024782887
syn1,RI_BM,bc,0.12,1.0147600378695703,0.7618262423279059,1.4510625490401066,0.7322919572695619,1.3983120508184959
syn1,RI_BM,bc,0.13,1.0158574403631966,0.7564401271333862,1.477630825712496,0.7170306890393308,1.40850022430606
syn1,RI_BM,bc,0.14,1.0177916824261426,0.7531234384364591,1.4990992613027818,0.718737947518495,1.4294243675958462
syn1,RI_BM,bc,0.15,1.0225205389579342,0.7502650383520377,1.5303534901166846,0.7112016949924216,1.45101864288824
syn1,RI_BM,bc,0.16,1.0276697710104332,0.7475235886852363,1.5665989802527935,0.6967443310806848,1.4712933511691415
syn1,RI_BM,bc,0.17,1.0280687201201264,0.742847799118893,1.5925415384512798,0.6932885465519937,1.4953566593354273
syn1,RI_BM,bc,0.18,1.0277768429126781,0.7368757713910337,1.6112910810668302,0.6890722073662197,1.5108032159691145
syn1,RI_BM,bc,0.19,1.0258392103785634,0.7305823046840526,1.613878080639903,0.681931987899425,1.5126932848558228
syn1,RI_BM,bc,0.2,1.022991168748062,0.7241498792341131,1.6260081882951285,0.6764472320674108,1.523025426761513
syn1,RI_BM,bc,0.21,1.0185587810792214,0.7171889431802632,1.6289569410287326,0.6636989415404712,1.5228623699171562
syn1,RI_BM,bc,0.22,1.016806401533465,0.7124617594273592,1.648031915437778,0.6557094792179285,1.5310092535027184
syn1,RI_BM,bc,0.23,1.017242812160337,0.7067136433123511,1.6706252182503847,0.6428597383674467,1.5410132673184664
syn1,RI_BM,bc,0.24,1.0188478856243073,0.7028033320634802,1.7006106205856781,0.652467288205997,1.5796482049278975
syn1,RI_BM,bc,0.25,1.025470634810266,0.6989587751979655,1.7646610903272009,0.6364453071479482,1.6125839570252545
syn1,RI_BM,bc,0.26,1.0318303970209584,0.6973441856963976,1.8234287198078112,0.630261688751627,1.6558105247964994
syn1,RI_BM,bc,0.27,1.0385953364049776,0.6961287469497988,1.8897119373573277,0.6279731581067818,1.7019175993189029
syn1,RI_BM,bc,0.28,1.0436225277311713,0.6953942511227341,1.9563228512510025,0.6214678263665523,1.7432426126504168
syn1,RI_BM,bc,0.29,1.0490276623250012,0.6930926800506189,2.028599190052344,0.618356230653543,1.7946131241133705
syn1,RI_BM,bc,0.3,1.054257873848167,0.6909844689479996,2.0833616751680335,0.6194015214606108,1.8442144150294484
syn1,RI_BM,bc,0.31,1.0581644185956045,0.6882524492430083,2.1325058134676222,0.617523392803612,1.883984399104004
syn1,RI_BM,bc,0.32,1.0606428646843238,0.6869166079929381,2.1943236271122064,0.6031155510656349,1.909043608567193
syn1,RI_BM,bc,0.33,1.0641859083707228,0.6841692793857004,2.247499480382656,0.5907929601173187,1.9328671821797092
syn1,RI_BM,bc,0.34,1.0654897338153149,0.6806440245721933,2.3084152412326877,0.6001375187786829,1.9789740512604066
syn1,RI_BM,bc,0.35000000000000003,1.0686208541847706,0.6773284985494048,2.375318996130937,0.5814520800642352,2.003795708802608
syn1,RI_BM,bc,0.36,1.0694728184989923,0.673185834618258,2.439858803973307,0.5730033910596035,2.0419427663188907
syn1,RI_BM,bc,0.37,1.0712543925691713,0.6712440865023578,2.4801359491226305,0.5667922442730671,2.0696285242540555
syn1,RI_BM,bc,0.38,1.070535710989537,0.6670782373953706,2.485957250975565,0.5629786132937402,2.0773372522374087
syn1,RI_BM,bc,0.39,1.0714178641684906,0.6644608118116666,2.5082972442462603,0.5674072521176171,2.1139807617512325
syn1,RI_BM,bc,0.4,1.0719782949788108,0.6597136066628682,2.543938846247869,0.5600088384883877,2.132552472738877
syn1,RI_BM,bc,0.41000000000000003,1.071917221106729,0.6563771140705928,2.5616106262865466,0.5658484007517571,2.1500596378251617
syn1,RI_BM,bc,0.42,1.0705173886887054,0.6537691116110337,2.58806867688535,0.5530359888635225,2.153958941554346
syn1,RI_BM,bc,0.43,1.071011083530863,0.6505693435441042,2.6438388172163187,0.5430354731286845,2.1868298157593076
syn1,RI_BM,bc,0.44,1.0717140696870697,0.6473023774788522,2.70798904285754,0.538161255725616,2.2263951148499945
syn1,RI_BM,bc,0.45,1.0722112083974364,0.6443075351269564,2.7533724837402325,0.5361549934865272,2.2470029095008703
syn1,RI_BM,bc,0.46,1.0735125946142428,0.6419889732076264,2.7952082393794,0.5360933826763029,2.2759870704200305
syn1,RI_BM,bc,0.47000000000000003,1.0716249086035914,0.6390142146305825,2.8256973202442595,0.525604036203765,2.2889716687812913
syn1,RI_BM,bc,0.48,1.0706633494694624,0.6360822681662738,2.8776481098854028,0.5056666926000492,2.2982535956221395
syn1,RI_BM,bc,0.49,1.0699212820222819,0.6315823791152405,2.8965891778462978,0.532120385409934,2.331789306732318
syn1,RI_BM,bc,0.5,1.0675591981813293,0.6278048214516991,2.886560612073871,0.5239528974614376,2.3380161499150174
syn1,RI_BM,bc,0.51,1.0652390223773283,0.6239744420634594,2.8649889014891223,0.5140790150339895,2.323649725738943
syn1,RI_BM,bc,0.52,1.063255898742546,0.6197339630428266,2.889221190042589,0.4930624365903946,2.3085326472481476
syn1,RI_BM,bc,0.53,1.0602185296704885,0.6167234262866594,2.884777647874752,0.5000404980327088,2.329741849087911
syn1,RI_BM,bc,0.54,1.0598198852095617,0.6124631397572418,2.8619499330409104,0.4861824157607713,2.3098233454550807
syn1,RI_BM,bc,0.55,1.056436661804354,0.6101836562530878,2.851670299023888,0.49893045187304175,2.3147904830399146
syn1,RI_BM,bc,0.56,1.051287860735552,0.6063129388963978,2.835124638394956,0.4893562637651044,2.296922123302411
syn1,RI_BM,bc,0.5700000000000001,1.0464155042166254,0.6021172118430623,2.782270321984786,0.4862748148323402,2.262818641461621
syn1,RI_BM,bc,0.58,1.042364278930601,0.5988004967426075,2.7328025663743634,0.49507733701106377,2.247206437481464
syn1,RI_BM,bc,0.59,1.036645511680781,0.5953189044384583,2.69359178609736,0.48336150807740125,2.2180462057439847
syn1,RI_BM,bc,0.6,1.0312052265991611,0.5928647044960571,2.650855431584756,0.48444935298685265,2.19570585126336
syn1,RI_BM,bc,0.61,1.0255757976588438,0.5886370472815138,2.605722470902659,0.47978256277263104,2.178688821376124
syn1,RI_BM,bc,0.62,1.0240913011736872,0.584188544934707,2.633523408183464,0.47058352875335024,2.1797403436011167
syn1,RI_BM,bc,0.63,1.0221859375703048,0.5813769896651843,2.6201809087216716,0.47880684100641896,2.1865874711960602
syn1,RI_BM,bc,0.64,1.0185602163707177,0.578139611162688,2.6301522707878564,0.47034702001829526,2.1733512418040415
syn1,RI_BM,bc,0.65,1.0141360168336926,0.5748599995126913,2.5924912322378577,0.47468591635366925,2.166912450733326
syn1,RI_BM,bc,0.66,1.0115159614425262,0.5700565983307417,2.574031096075854,0.4683682850252959,2.1556307780007278
syn1,RI_BM,bc,0.67,1.0070149207883445,0.5653724662229099,2.5622937006493975,0.4611279220412959,2.132729517635035
syn1,RI_BM,bc,0.68,1.0018355642535854,0.5625622072139138,2.509690608331507,0.4497098854151952,2.1080566464761663
syn1,RI_BM,bc,0.6900000000000001,0.9967334490279833,0.5590821943474855,2.4907642282660833,0.44607446727115213,2.0879769253880376
syn1,RI_BM,bc,0.7000000000000001,0.9927667412486594,0.5567510283045005,2.4638488497032633,0.46341701862317647,2.0859563492398565
syn1,RI_BM,bc,0.71,0.9900619766828302,0.5525694862116696,2.4888499805772875,0.43966125533385314,2.0819926488033444
syn1,RI_BM,bc,0.72,0.9908934813383629,0.5505943215487424,2.550348261640116,0.4484784723853047,2.129325682382342
syn1,RI_BM,bc,0.73,0.9911826952816749,0.5485927142787902,2.610021575771839,0.43532821488191287,2.151715738367556
syn1,RI_BM,bc,0.74,0.9912752463783754,0.5471959213129849,2.659031166166329,0.44205796647913886,2.2002639930657937
syn1,RI_BM,bc,0.75,0.9916025030141344,0.544047116210106,2.7153368536004643,0.43353987873235744,2.221675444463172
syn1,RI_BM,bc,0.76,0.990706122346159,0.5410561169271082,2.750172349250724,0.42545202184548975,2.242393706194545
syn1,RI_BM,bc,0.77,0.9909737928043665,0.5389820197805177,2.7938876653926634,0.424908984077396,2.2631916502286984
syn1,RI_BM,bc,0.78,0.9908756376114622,0.5359528071754879,2.840916478658939,0.4214861365901665,2.301729723086561
syn1,RI_BM,bc,0.79,0.9900753607150361,0.5338077877403807,2.887790475714796,0.41820039838100775,2.321519932870804
syn1,RI_BM,bc,0.8,0.9895483380488705,0.5314098723353243,2.9168011389982045,0.4195046810635991,2.337239105137655
syn1,RI_BM,bc,0.81,0.9889355071109703,0.5295868163693696,2.954749889203172,0.40380770058692445,2.3461471696652265
syn1,RI_BM,bc,0.8200000000000001,0.9887837984517885,0.5280774885935771,2.9862618265486747,0.4213144069178103,2.3993498007621836
syn1,RI_BM,bc,0.8300000000000001,0.9873895191714459,0.5259039375706672,3.006703766340168,0.4119965720101747,2.403619487244246
syn1,RI_BM,bc,0.84,0.9853393380217633,0.5236460393695901,3.03585646910542,0.4054840378304118,2.4137867665775703
syn1,RI_BM,bc,0.85,0.9851806576366009,0.521244016825577,3.0706768525107306,0.4099538830011143,2.4324690277155114
syn1,RI_BM,bc,0.86,0.9842880973933498,0.5198252512201124,3.072717424105772,0.4076877323744182,2.4491631465654224
syn1,RI_BM,bc,0.87,0.9819800387490996,0.5179495775039803,3.0982452657391693,0.3868046355395983,2.4394113584510833
syn1,RI_BM,bc,0.88,0.9805630999083321,0.5148852881678608,3.0955551080366623,0.40025288283899857,2.470853375337325
syn1,RI_BM,bc,0.89,0.9782974069846475,0.5122969935631099,3.123195685287258,0.400277497020689,2.46350149845074
syn1,RI_BM,bc,0.9,0.9792077929429635,0.5102160547228285,3.139839560467895,0.38835365339684585,2.461585575734367
syn1,RI_BM,bc,0.91,0.977407230907202,0.5080512103274137,3.117581478369003,0.38721299226998374,2.4669225315786543
syn1,RI_BM,bc,0.92,0.976846734046812,0.5066061677894005,3.1931192789758476,0.382198747375163,2.497996694850712
syn1,RI_BM,bc,0.93,0.9772614213679334,0.5047160577908243,3.279367616025998,0.372095234020701,2.5403500004559945
syn1,RI_BM,bc,0.9400000000000001,0.9768509723044962,0.5028602941772425,3.379226412105355,0.3771558530391094,2.5892963257627035
syn1,RI_BM,bc,0.9500000000000001,0.9775058272612684,0.5009085884746775,3.45497023753904,0.36701188051719214,2.618568359244069
syn1,RI_BM,bc,0.96,0.9779999829028982,0.4997276034442112,3.543556626344318,0.3619956761216029,2.6561562662182294
syn1,RI_BM,bc,0.97,0.9783029407100712,0.49802580714556566,3.6242822744725576,0.3676689447059651,2.691743899914892
syn1,RI_BM,bc,0.98,0.9793391095420556,0.4977235150404541,3.7416709579909533,0.3655042556440815,2.7399066944648585
syn1,RI_BM,bc,0.99,0.97946308898312,0.4959400038975288,3.87262492347585,0.34805730731939577,2.783117842122477
syn1,RI_BM,bc,1.0,0.9784190703657247,0.4942651527863773,3.956730476715461,0.3743404785266988,2.846969496667291
syn1,RI_BM,sc,0.01,0.9195895448570086,0.7424563104734047,1.150739261728427,0.7271392668887385,1.1317946737667635
syn1,RI_BM,sc,0.02,0.9446933380178109,0.7641743069668147,1.1861698246016856,0.7508198782199322,1.1680965533303735
syn1,RI_BM,sc,0.03,0.9611701661392251,0.7755236029548455,1.2179302242342527,0.7627774250250745,1.198755242983933
syn1,RI_BM,sc,0.04,0.9675214014731919,0.7748015334847203,1.2388968089372694,0.7608916023034411,1.217368253344739
syn1,RI_BM,sc,0.05,0.9662969606195443,0.7697699422881277,1.242118111908392,0.7522544181216878,1.2162044737498
syn1,RI_BM,sc,0.06,0.9626687591678771,0.7616171925932154,1.2476604336966335,0.7437053668938033,1.221392639845772
syn1,RI_BM,sc,0.07,0.963593456435692,0.7571153656086731,1.2658362074463478,0.7364423154088853,1.2343967657208463
syn1,RI_BM,sc,0.08,0.9643626537667309,0.7520096339504959,1.285192765621125,0.7330571976627861,1.2527624625202098
syn1,RI_BM,sc,0.09,0.9657157402046925,0.7471953657272786,1.3051766735076589,0.7239315812733492,1.2669613072328165
syn1,RI_BM,sc,0.1,0.964608446515671,0.7423666783101462,1.3202715553997162,0.7135516938682602,1.274298226145717
syn1,RI_BM,sc,0.11,0.9637942081305972,0.7355808253782181,1.3365841614821785,0.7091367552502796,1.2930483204054972
syn1,RI_BM,sc,0.12,0.9623834289928492,0.7278645728247445,1.3440936107242138,0.6956837567349271,1.294446193613634
syn1,RI_BM,sc,0.13,0.9605082932162279,0.7200202459353692,1.3533186779611157,0.6906165765157577,1.3034645662752233
syn1,RI_BM,sc,0.14,0.9584313006081284,0.7141201314550024,1.3633132816167133,0.6876902268465536,1.3165804835086798
syn1,RI_BM,sc,0.15,0.9573331779505614,0.7096034308000727,1.3785486642197695,0.6757365665681733,1.3205669069716512
syn1,RI_BM,sc,0.16,0.9576077655093493,0.7056090433622825,1.4035124466895939,0.6704798118907737,1.3385854009718416
syn1,RI_BM,sc,0.17,0.9555918596015998,0.6996576616661675,1.4157899931872011,0.6653450571453202,1.3525972377715512
syn1,RI_BM,sc,0.18,0.9515288761423312,0.6951969028082268,1.4232103654718267,0.657912053980286,1.350757836095782
syn1,RI_BM,sc,0.19,0.9460205607385305,0.6857614456812793,1.4159248058616505,0.649199483546468,1.346031837039047
syn1,RI_BM,sc,0.2,0.9391350754910426,0.6772982497066691,1.4085539327882526,0.6432413446221366,1.340016308831247
syn1,RI_BM,sc,0.21,0.9330984210236435,0.668829989408217,1.4032477411646251,0.6289562146151499,1.3354704392296421
syn1,RI_BM,sc,0.22,0.9288865379279331,0.6623361770209074,1.4059579881664854,0.629543918173005,1.342424394702697
syn1,RI_BM,sc,0.23,0.9244596694795353,0.6562709728088973,1.409624189750714,0.6231137597233823,1.345464310063739
syn1,RI_BM,sc,0.24,0.9238370140405876,0.6526640026321178,1.4274555963374482,0.6076352348365491,1.3454179724726392
syn1,RI_BM,sc,0.25,0.926367745808746,0.6504032559960506,1.4541713555483788,0.6024178191576529,1.3629224939159292
syn1,RI_BM,sc,0.26,0.9287503821998677,0.6472969867764272,1.481793119748478,0.6009465813427014,1.385574206156138
syn1,RI_BM,sc,0.27,0.9296181888931232,0.6436193200759177,1.5062010039249458,0.5987984421131773,1.4090673771583573
syn1,RI_BM,sc,0.28,0.9297311397647092,0.640693380854274,1.5290592147122224,0.5953209729401361,1.425226626695621
syn1,RI_BM,sc,0.29,0.9310632662973852,0.6384988621843591,1.5526014903698686,0.5818915774534718,1.4299894014283012
syn1,RI_BM,sc,0.3,0.9325125921617737,0.6355780122156871,1.5762099708865485,0.5865816917966757,1.4610515703195432
syn1,RI_BM,sc,0.31,0.9316849410288869,0.6339068498137047,1.5946457273392556,0.5742635174107965,1.4626036347626812
syn1,RI_BM,sc,0.32,0.9318769448117692,0.6301204284658496,1.6099870128460705,0.5715742757606225,1.4757376164407037
syn1,RI_BM,sc,0.33,0.9317289735971926,0.6277099741964913,1.622537284980061,0.5632839829429059,1.4755260677549078
syn1,RI_BM,sc,0.34,0.9315394382087692,0.6231853424023717,1.6490059885056534,0.5584117941757984,1.4949827173824368
syn1,RI_BM,sc,0.35000000000000003,0.9305018503994271,0.6192046443401018,1.6696933339940783,0.5583650725243929,1.512761890325205
syn1,RI_BM,sc,0.36,0.9289091752246392,0.6161846990811282,1.6835772941656575,0.5537013927355191,1.5199207539490451
syn1,RI_BM,sc,0.37,0.9264747464793628,0.611987239157792,1.6967804428468691,0.5488579346207492,1.5190109020238645
syn1,RI_BM,sc,0.38,0.9239460384669202,0.60812517823429,1.688954328618194,0.5428004212202028,1.5188613426412216
syn1,RI_BM,sc,0.39,0.9209317525873948,0.6036988669980394,1.6874018898679803,0.5473919561957172,1.5273482569717531
syn1,RI_BM,sc,0.4,0.9177573501714723,0.6005317363230205,1.6907796505070554,0.5355220110902842,1.5213963898260634
syn1,RI_BM,sc,0.41000000000000003,0.9156025643428276,0.5973791978485842,1.7040546370302434,0.5363969651893137,1.53154910532259
syn1,RI_BM,sc,0.42,0.912044274451067,0.5932357505953799,1.699540435260247,0.5286169783344598,1.5223676165567555
syn1,RI_BM,sc,0.43,0.9098374784664353,0.590572008352398,1.7066190895081084,0.522186156258781,1.5263297262227464
syn1,RI_BM,sc,0.44,0.9071068209674846,0.586873398824037,1.714516600291811,0.5155984802911224,1.5253854710488526
syn1,RI_BM,sc,0.45,0.9060111481616646,0.5841686533128151,1.7236241620026596,0.5200219747662854,1.5400804288363275
syn1,RI_BM,sc,0.46,0.9041832578047326,0.5800413643880752,1.7246690797149544,0.5131026849231469,1.5402344437884496
syn1,RI_BM,sc,0.47000000000000003,0.9018197807819879,0.5761109645912172,1.7355808474894845,0.5113763228584095,1.5423881754787863
syn1,RI_BM,sc,0.48,0.899203277217929,0.5732686929464258,1.7257818871196668,0.5071627407112652,1.536976039433069
syn1,RI_BM,sc,0.49,0.8968124509012059,0.5699077611869741,1.7255801809520663,0.5059295315272769,1.5372670323072115
syn1,RI_BM,sc,0.5,0.893835176828574,0.5669707917329658,1.7178907366729963,0.4894990848574433,1.5229045926918
syn1,RI_BM,sc,0.51,0.8900429075144518,0.5641334071687899,1.7202497653579856,0.49334430997939477,1.5260652594752235
syn1,RI_BM,sc,0.52,0.8863140128854065,0.5594133136874506,1.7106448314065408,0.5012827526969774,1.5350714210052288
syn1,RI_BM,sc,0.53,0.8830512188211579,0.5574567667536003,1.7140983029766497,0.4869037401447297,1.523933850903738
syn1,RI_BM,sc,0.54,0.8778794949332722,0.5534490828014047,1.7063077495082415,0.4813046254813758,1.5146757366711874
syn1,RI_BM,sc,0.55,0.8728518240536375,0.5487499825170931,1.6884855412859805,0.4937515400507367,1.5160743253009874
syn1,RI_BM,sc,0.56,0.8683288884046982,0.5438838848534504,1.6884759557407596,0.4852265041644821,1.5111961318187006
syn1,RI_BM,sc,0.5700000000000001,0.8634857997984131,0.5393786576744816,1.6748563487980046,0.4755515484941501,1.4945329927252569
syn1,RI_BM,sc,0.58,0.8583582643892922,0.5366304586834151,1.6592179051039215,0.4726951205170243,1.4905303385480384
syn1,RI_BM,sc,0.59,0.8537452068175937,0.5331524415292619,1.648306364846891,0.47066934273049904,1.4807442672137374
syn1,RI_BM,sc,0.6,0.8482019337039464,0.5290214275800561,1.625354305333201,0.4704305747319279,1.467697420950478
syn1,RI_BM,sc,0.61,0.8439952639065138,0.5245936392931398,1.6097719292101382,0.46325319550400973,1.449043193910699
syn1,RI_BM,sc,0.62,0.8395847065982116,0.5216459391765913,1.6067490275707468,0.4633947818577832,1.4549614182438237
syn1,RI_BM,sc,0.63,0.8361757676842665,0.5182853158655893,1.6072465605753734,0.4523779554202382,1.4430900504068729
syn1,RI_BM,sc,0.64,0.8326964467515472,0.5129681876183944,1.6007924327820604,0.4644456649840178,1.4532417916987959
syn1,RI_BM,sc,0.65,0.8291240731546361,0.5093826716176196,1.5941599566089293,0.44818882442024643,1.4320222790236765
syn1,RI_BM,sc,0.66,0.8255103718146661,0.5067808775753073,1.5902147913905478,0.4496018752725234,1.4326342988479839
syn1,RI_BM,sc,0.67,0.8216953251185733,0.5023368708179912,1.5802789351464945,0.4445028356958501,1.4259714435594586
syn1,RI_BM,sc,0.68,0.818076176512484,0.499344071033994,1.5709184734218307,0.4420669635854872,1.4260417603240334
syn1,RI_BM,sc,0.6900000000000001,0.8142058051360943,0.49552061274955755,1.5662728317907286,0.4387478933673465,1.4200733491308166
syn1,RI_BM,sc,0.7000000000000001,0.8102459612057413,0.4939553759502627,1.5616640355492275,0.4362591651603086,1.4103367873713397
syn1,RI_BM,sc,0.71,0.8081519165815414,0.49107082971321736,1.5639430023548055,0.42689266154578914,1.4057011450954782
syn1,RI_BM,sc,0.72,0.8071650080149788,0.48721044802454516,1.5809264845467124,0.4306340539124401,1.4232951230849915
syn1,RI_BM,sc,0.73,0.8062741328770131,0.4848289204440118,1.5959601767586358,0.41992892857975533,1.423838591042524
syn1,RI_BM,sc,0.74,0.8053412281863292,0.48380041461860074,1.6126364411826708,0.4216386457649361,1.4338064077699948
syn1,RI_BM,sc,0.75,0.8037944856018739,0.4819983502025511,1.6233108712242488,0.4102782205098479,1.4270409356524685
syn1,RI_BM,sc,0.76,0.8022724685303297,0.479530381702393,1.6353865484999401,0.41522785406050866,1.4390873434941909
syn1,RI_BM,sc,0.77,0.8007815983959863,0.47708729933724797,1.643723794003285,0.41204068661648063,1.4465892694518643
syn1,RI_BM,sc,0.78,0.7995063296148939,0.47416530439297744,1.6535531477289103,0.4141296538303339,1.4557901431976694
syn1,RI_BM,sc,0.79,0.7981631894075498,0.47141636487204125,1.658591369751679,0.4050243417754966,1.4533502662233893
syn1,RI_BM,sc,0.8,0.7960833483684104,0.4691485066137464,1.6655845845313837,0.40152433760939515,1.457583087627818
syn1,RI_BM,sc,0.81,0.7951659952259768,0.4668978653904403,1.6792649144222933,0.39569565043357685,1.4641060736113827
syn1,RI_BM,sc,0.8200000000000001,0.793338587764769,0.46513759564481955,1.6873894202048443,0.4023290342069693,1.4784754565099625
syn1,RI_BM,sc,0.8300000000000001,0.7916771517125764,0.4613684533941402,1.688090401566016,0.3888134883563651,1.475070506445094
syn1,RI_BM,sc,0.84,0.7905933245308405,0.4587590618655876,1.6951804114958897,0.39444163788479264,1.4833641395280204
syn1,RI_BM,sc,0.85,0.7901884232063586,0.45840413683475206,1.7088378128322148,0.3912863227723002,1.4877047668452092
syn1,RI_BM,sc,0.86,0.7884549045082738,0.4558659477630416,1.714809045997156,0.38676094603760985,1.4911639249015847
syn1,RI_BM,sc,0.87,0.7866395312302561,0.455341493161174,1.7262997004902694,0.3859860921525344,1.4945420256918325
syn1,RI_BM,sc,0.88,0.7862623178167767,0.45405014382665737,1.7366680973697384,0.3850634194918375,1.5037849237642347
syn1,RI_BM,sc,0.89,0.7848617357316701,0.45204284483808654,1.7480850837638777,0.38054223450467944,1.5040539781814488
syn1,RI_BM,sc,0.9,0.7840358756905643,0.4507606027674301,1.7482793022749739,0.377488301487363,1.5132759581883646
syn1,RI_BM,sc,0.91,0.78184639432065,0.4490511822929532,1.7593267126492196,0.3741776034105914,1.507383672538249
syn1,RI_BM,sc,0.92,0.781396475783557,0.44686213977408956,1.781276949821034,0.37489852140960517,1.5258524192743341
syn1,RI_BM,sc,0.93,0.7823698280670048,0.445662377985175,1.8059261250249343,0.3668004442233962,1.53677445109663
syn1,RI_BM,sc,0.9400000000000001,0.7819445524047297,0.44382699114983365,1.8344717625272553,0.3713231965279095,1.5541711101072027
syn1,RI_BM,sc,0.9500000000000001,0.7821537783683341,0.4429954417683253,1.8583329292540212,0.3627912323460085,1.5609273873900786
syn1,RI_BM,sc,0.96,0.7822341239849409,0.44324859879479744,1.8789602880731755,0.3619209703808644,1.5765259321982077
syn1,RI_BM,sc,0.97,0.782392763117643,0.4410487361784475,1.9035435037710673,0.35565929799100726,1.5847739772226448
syn1,RI_BM,sc,0.98,0.7827827523245557,0.4393915023771828,1.930347372532145,0.3594950481771222,1.610612925750334
syn1,RI_BM,sc,0.99,0.7821911754449667,0.4367058804388966,1.9661659098184576,0.3453072461909905,1.6118908663158915
syn1,RI_BM,sc,1.0,0.7822809766200124,0.43604823477972937,1.9809991190375709,0.356287590540136,1.630446085218855
syn1,RI_SE,bc,0.01,0.9814861382185284,0.8065939481542527,1.2154074524571277,0.795861356744297,1.1994293827357858
syn1,RI_SE,bc,0.02,0.9816321253194645,0.8070503537963354,1.2152578127963467,0.795777149065314,1.1993068306751473
syn1,RI_SE,bc,0.03,0.9818513418139352,0.8074199279445888,1.2150355642932147,0.794533603612169,1.1981571511199849
syn1,RI_SE,bc,0.04,0.9820659944327318,0.8075585010995351,1.215765227659338,0.7953762216946897,1.199569859162331
syn1,RI_SE,bc,0.05,0.9823374877120425,0.8076708620488487,1.2166929098943007,0.7980848938227086,1.2027386053873146
syn1,RI_SE,bc,0.06,0.9825874119513802,0.8076776047638253,1.2177229824054656,0.7949835122757436,1.200937811776206
syn1,RI_SE,bc,0.07,0.9828525454552501,0.8076062313983595,1.2195607761666392,0.795704479897521,1.202804594803456
syn1,RI_SE,bc,0.08,0.9831103724851984,0.807531916956623,1.220974938672728,0.7948833869615931,1.2032917700828656
syn1,RI_SE,bc,0.09,0.9833847272117879,0.8070179425628027,1.2224637607521096,0.7942703987030751,1.2048509959076166
syn1,RI_SE,bc,0.1,0.9837643990386434,0.80667728293918,1.2247671478299589,0.7919001054767788,1.205022930632931
syn1,RI_SE,bc,0.11,0.9841205539205451,0.8062784992854459,1.2273356937614277,0.7923236108309145,1.2074103258801283
syn1,RI_SE,bc,0.12,0.9843572849799684,0.8056686139825324,1.229854825684739,0.7910986130406136,1.2095967506955636
syn1,RI_SE,bc,0.13,0.9847564678714141,0.8050683645197032,1.2325358111233369,0.7906767575427945,1.212388193201554
syn1,RI_SE,bc,0.14,0.9850752472172218,0.8043515094059466,1.2353696413451356,0.7901988062421855,1.2151824346968856
syn1,RI_SE,bc,0.15,0.9855017157780778,0.8035296728197892,1.2384951414910361,0.7921122501909048,1.2213562849597286
syn1,RI_SE,bc,0.16,0.9857875500915375,0.8026807789232817,1.242257201007386,0.7864090656749598,1.2197817064749432
syn1,RI_SE,bc,0.17,0.9860824032293334,0.8018272125816475,1.2459830976209008,0.7855874198320195,1.2232261132943187
syn1,RI_SE,bc,0.18,0.9863324321091642,0.8009790712981419,1.250593920633083,0.7831449492853616,1.225590112199619
syn1,RI_SE,bc,0.19,0.9866699976281241,0.7997419078984338,1.2550228495628073,0.7794659638662589,1.2270628970861737
syn1,RI_SE,bc,0.2,0.9870876845948587,0.7987196761434685,1.2593390966169389,0.7823448270282788,1.2352871865598338
syn1,RI_SE,bc,0.21,0.9874776393707403,0.7973898076234393,1.2642860264026174,0.779739533395008,1.2384563202994319
syn1,RI_SE,bc,0.22,0.9879426568383378,0.7960240308278794,1.269138257701261,0.7783957836435286,1.2434480977797595
syn1,RI_SE,bc,0.23,0.9883858200875411,0.7948431441296477,1.2747219467768875,0.774469930815866,1.2457756098633366
syn1,RI_SE,bc,0.24,0.9887834150968351,0.7937632966822229,1.2806885638062337,0.7745005152968181,1.2525651301893945
syn1,RI_SE,bc,0.25,0.9891916332629098,0.7923445709050817,1.2873219616028884,0.7722375696346199,1.2568471558450036
syn1,RI_SE,bc,0.26,0.9895699024155,0.7908774889557173,1.2938795847930427,0.769429751821706,1.2611151377332595
syn1,RI_SE,bc,0.27,0.9900126371451952,0.7895436704468206,1.3009091384992826,0.7698661559105758,1.2687046110953693
syn1,RI_SE,bc,0.28,0.99037286610637,0.7880269227470409,1.3073109063716857,0.7686672235978232,1.2750729179422373
syn1,RI_SE,bc,0.29,0.9906755401311225,0.7865526763370025,1.314734330644333,0.7673878314500093,1.281822143272238
syn1,RI_SE,bc,0.3,0.9910590525267297,0.7849192390574905,1.3218957287843802,0.756313612484893,1.2786392315411124
syn1,RI_SE,bc,0.31,0.9912720335399622,0.7830694173043752,1.329948637643412,0.755895491712337,1.2866411846463213
syn1,RI_SE,bc,0.32,0.9915932225547746,0.7816188623467868,1.3382928520370418,0.7538055660483434,1.2926728041238993
syn1,RI_SE,bc,0.33,0.9919268974426809,0.7799861721696716,1.3473130964789868,0.7532843374797455,1.3011371148973312
syn1,RI_SE,bc,0.34,0.9923289961811939,0.7782756401165861,1.3566267098017457,0.7510209489710845,1.3076792216286415
syn1,RI_SE,bc,0.35000000000000003,0.9926263097446306,0.7766977161399967,1.366648988790548,0.7405620563423605,1.3065709864056616
syn1,RI_SE,bc,0.36,0.9929683550479226,0.7749328406672645,1.3765917693005973,0.7455134374279485,1.3207973651700848
syn1,RI_SE,bc,0.37,0.9933020066961612,0.7733505880762575,1.386162275420826,0.7403146517615485,1.3257647006577264
syn1,RI_SE,bc,0.38,0.9935843980806278,0.7719344719779725,1.3979623299701278,0.7391682100257606,1.334674337034203
syn1,RI_SE,bc,0.39,0.9938302284412468,0.7704792727127832,1.4089861765093765,0.7357152017730919,1.3418308905398904
syn1,RI_SE,bc,0.4,0.994125897518791,0.7683840201854221,1.420011105036036,0.7324702692408911,1.3498588634570916
syn1,RI_SE,bc,0.41000000000000003,0.9945472227917989,0.7665972674301915,1.4329648122835166,0.726657098670724,1.3555552907502966
syn1,RI_SE,bc,0.42,0.9948457714007719,0.764690698734058,1.4442805173399809,0.7254900879174458,1.3663703794607167
syn1,RI_SE,bc,0.43,0.9952337782191994,0.7629595259323807,1.456128971289242,0.7256047090783545,1.378031708439502
syn1,RI_SE,bc,0.44,0.9955111050768979,0.7613714026081279,1.4677904644760869,0.7195123357690348,1.3842595590724924
syn1,RI_SE,bc,0.45,0.995764713178092,0.759641504748321,1.4802127002034264,0.7125746495019374,1.3901581913930838
syn1,RI_SE,bc,0.46,0.9960587634474745,0.7576420028001187,1.493632329456101,0.7192675621314064,1.4103873909550195
syn1,RI_SE,bc,0.47000000000000003,0.9964270761789302,0.756013075353131,1.5074988479136475,0.7102546489107159,1.414822289462827
syn1,RI_SE,bc,0.48,0.9967463549420317,0.7540389123035677,1.5199749022491018,0.700885247138587,1.418576202142228
syn1,RI_SE,bc,0.49,0.9970624819139831,0.7522607171533249,1.535097698041086,0.708851271091613,1.4399751557155707
syn1,RI_SE,bc,0.5,0.9974944139412616,0.7504064382994502,1.550332199949588,0.7062666593569795,1.4518089808312196
syn1,RI_SE,bc,0.51,0.9977961610090222,0.7483264571602859,1.5652411979821688,0.6944364994409983,1.4542294349639908
syn1,RI_SE,bc,0.52,0.9981898186180862,0.7461785468969299,1.5808648625211785,0.6996283923267602,1.474003878581088
syn1,RI_SE,bc,0.53,0.9985885397734893,0.744507503684971,1.5974382201649975,0.6966597420834365,1.4871561391648183
syn1,RI_SE,bc,0.54,0.9990013162257032,0.7423663841941033,1.6142134243747737,0.6791462386464819,1.4853106457780214
syn1,RI_SE,bc,0.55,0.9993510503828811,0.7404444391852077,1.6307047014801168,0.6841092627627432,1.505682711564713
syn1,RI_SE,bc,0.56,0.9995351436536395,0.7386277365876665,1.6489805888091529,0.6821783566858918,1.519096241048482
syn1,RI_SE,bc,0.5700000000000001,0.9997222855182785,0.7367571372158802,1.6653615515020852,0.6757455684346582,1.5277010629637544
syn1,RI_SE,bc,0.58,1.0000585019729438,0.7345394959350854,1.684049188609133,0.6698639377476633,1.5369472818305374
syn1,RI_SE,bc,0.59,1.0004186593618636,0.7326729752648008,1.7028960599076033,0.6669063446152002,1.5496680060126653
syn1,RI_SE,bc,0.6,1.0007413905442548,0.7309073079673356,1.7213423452551753,0.668186473215503,1.5676183954933096
syn1,RI_SE,bc,0.61,1.0011758881490342,0.7291603145600072,1.7395273303346015,0.6617986300877946,1.5781415002969128
syn1,RI_SE,bc,0.62,1.0015422064093404,0.7272865475767165,1.7590853879950623,0.6502691843212625,1.5824772844339352
syn1,RI_SE,bc,0.63,1.0018668740910557,0.7254186269800399,1.7785210120002368,0.6445400489016665,1.5932361412780671
syn1,RI_SE,bc,0.64,1.0021684759149752,0.723424019518868,1.8001895048943835,0.6425262949445072,1.6090451796870293
syn1,RI_SE,bc,0.65,1.0026167768621028,0.7215835740549561,1.8226622556532597,0.6333985769194649,1.6173641674404775
syn1,RI_SE,bc,0.66,1.002787553986631,0.7194517310068508,1.8479454151649863,0.6206543333179207,1.6219725460585959
syn1,RI_SE,bc,0.67,1.0031711253781836,0.7173727268653289,1.870049935832669,0.6201829889294561,1.6393839193864306
syn1,RI_SE,bc,0.68,1.0035246039246317,0.7153823839319433,1.8959399552438123,0.6258368683620525,1.6634968041941154
syn1,RI_SE,bc,0.6900000000000001,1.0038390945415607,0.7131643215909429,1.9196397325757537,0.6183632377587744,1.6754143733350688
syn1,RI_SE,bc,0.7000000000000001,1.0041843941637172,0.7110251728769268,1.9442425515028203,0.621703122048998,1.6982927746840704
syn1,RI_SE,bc,0.71,1.0045146306265766,0.708980522604689,1.9718118793238568,0.6202191189643718,1.7167004796463434
syn1,RI_SE,bc,0.72,1.004930671191382,0.7068561891243087,1.9978917911451126,0.6126424555392189,1.729402800878917
syn1,RI_SE,bc,0.73,1.0052598921995188,0.7050146750202723,2.024326474239148,0.6030077427230143,1.7405153693394426
syn1,RI_SE,bc,0.74,1.0055727470228295,0.7029463481072276,2.053730068186249,0.5970430514641485,1.7543199135014167
syn1,RI_SE,bc,0.75,1.0060023339814825,0.7009187838211134,2.0820291906454647,0.5908840191008984,1.7701579862094055
syn1,RI_SE,bc,0.76,1.0062191989710367,0.6985955193235815,2.1126033736059595,0.587157192188805,1.7879356623410019
syn1,RI_SE,bc,0.77,1.0065082407260655,0.6967456943566277,2.1475228764813528,0.5878753882943607,1.8100820966480626
syn1,RI_SE,bc,0.78,1.0068781681634857,0.6949269553092461,2.1795265482305965,0.565580897888068,1.8099178780382108
syn1,RI_SE,bc,0.79,1.007174592117949,0.6927062185958102,2.2103608527624505,0.5696084947879634,1.836828322599725
syn1,RI_SE,bc,0.8,1.0075785471873826,0.690718696707907,2.2459798522465415,0.5610050555696681,1.8503101891769251
syn1,RI_SE,bc,0.81,1.0078402877929837,0.6886996275043502,2.2796365960073732,0.5767578280206417,1.8894047586449207
syn1,RI_SE,bc,0.8200000000000001,1.0081650784818783,0.6867568396981139,2.3144404177659377,0.5691075428694208,1.9057881684059954
syn1,RI_SE,bc,0.8300000000000001,1.0083921420637771,0.6847398956406348,2.351642915154532,0.5615220524081826,1.921949282634185
syn1,RI_SE,bc,0.84,1.0088177495672785,0.6827322385243836,2.3902646194511457,0.5516139520979421,1.937901575008082
syn1,RI_SE,bc,0.85,1.0091614129864404,0.68113295567585,2.4288721857423967,0.5390294981382717,1.9504232975502198
syn1,RI_SE,bc,0.86,1.0095384785002466,0.679251110878295,2.4704559375021953,0.5530219222559786,1.9904089158469533
syn1,RI_SE,bc,0.87,1.0098571635344653,0.6775862197970952,2.5118170205595525,0.5413536295116833,2.0039244889130554
syn1,RI_SE,bc,0.88,1.0102679127488363,0.6760485714112644,2.5566676036667686,0.5413596444931883,2.0308588530063574
syn1,RI_SE,bc,0.89,1.0107029728093773,0.6739899473197455,2.602345134860659,0.5385969564144364,2.052431212023975
syn1,RI_SE,bc,0.9,1.0110080043524226,0.6724632015033799,2.641120397061926,0.5300863852252434,2.0714722536056325
syn1,RI_SE,bc,0.91,1.0113165049501827,0.6702970876351606,2.6900968582977667,0.5197533822475614,2.0876997999713485
syn1,RI_SE,bc,0.92,1.0116754371304277,0.6682658456352937,2.7385035883620654,0.5289919964341904,2.1248285427078835
syn1,RI_SE,bc,0.93,1.011994903263924,0.6664164694498127,2.7907286437967196,0.5213009216712052,2.1461317803336835
syn1,RI_SE,bc,0.9400000000000001,1.012408806083053,0.6645020728447925,2.8475379750343373,0.5175378730133721,2.1713882862065503
syn1,RI_SE,bc,0.9500000000000001,1.0127917346155475,0.6629217104102877,2.89859558021694,0.5062128044581026,2.1887280736693486
syn1,RI_SE,bc,0.96,1.0132237741283387,0.6609080522503369,2.9453290776287884,0.5070528136256527,2.2200208919029136
syn1,RI_SE,bc,0.97,1.0135784842524762,0.6592795649158326,3.0083821711506573,0.5011614509122927,2.2439080453879057
syn1,RI_SE,bc,0.98,1.0138695243047158,0.6573101807168369,3.0639055073384247,0.49441836884746754,2.272023016795417
syn1,RI_SE,bc,0.99,1.0142545900907636,0.6554363292959642,3.1319010713025803,0.492925092341465,2.3042693642580523
syn1,RI_SE,bc,1.0,1.0145611154948813,0.6533804851170102,3.197061724374192,0.47121549486304404,2.31768241468028
syn1,RI_SE,sc,0.01,0.5856239222880922,0.4945560772078462,0.7179625237716,0.48919404228194413,0.7115979670615024
syn1,RI_SE,sc,0.02,0.6406574964509377,0.5402650496152573,0.7772940664864362,0.5341954721669784,0.7684346074802187
syn1,RI_SE,sc,0.03,0.6981187609251656,0.5874426171571965,0.8506372150231089,0.5787614969808991,0.8362457147510245
syn1,RI_SE,sc,0.04,0.7599761152010016,0.6343827529479579,0.9335299208731319,0.6261226603738931,0.9199920878622329
syn1,RI_SE,sc,0.05,0.8292444551685498,0.6822446732341716,1.0312624149926155,0.6741688478142994,1.0187863618809294
syn1,RI_SE,sc,0.06,0.904372473251099,0.7278756151101541,1.141202484468842,0.7151389752475303,1.1240685213780086
syn1,RI_SE,sc,0.07,0.9813708006646444,0.7703451505035839,1.2584165326400285,0.7639076360355483,1.249332562297693
syn1,RI_SE,sc,0.08,1.0609004645155609,0.8089570717985937,1.3845483647405776,0.7954400182871408,1.3679969083860046
syn1,RI_SE,sc,0.09,1.1380852454821786,0.8415712789191498,1.5091598983350456,0.8291420276643282,1.4936053434436238
syn1,RI_SE,sc,0.1,1.2109521570411061,0.8677046641731633,1.6242739988305641,0.849282665763375,1.603807548514741
syn1,RI_SE,sc,0.11,1.2730693053146802,0.8860548533846258,1.724551185809342,0.872975643775265,1.7101281710735619
syn1,RI_SE,sc,0.12,1.3201866479253304,0.8970277263035527,1.8025403071636552,0.8791297433606048,1.7805373004920297
syn1,RI_SE,sc,0.13,1.3516282183976953,0.9008506830543032,1.867273156839065,0.8776860846283295,1.8360554332872017
syn1,RI_SE,sc,0.14,1.3657610374133728,0.89726147176108,1.938843709930024,0.8709280479724327,1.8981080972048956
syn1,RI_SE,sc,0.15,1.3612542863413246,0.8816678620755442,2.0006651925556884,0.8468878095103864,1.950608434458698
syn1,RI_SE,sc,0.16,1.3387355452676621,0.8550290855933969,2.0667837177519726,0.7878301413988041,1.9591591593426965
syn1,RI_SE,sc,0.17,1.2985775511262792,0.8224462681220186,2.1104324018890437,0.7600353408218536,1.9884015648187203
syn1,RI_SE,sc,0.18,1.2500444809486178,0.7862845696213219,2.1373309309371646,0.6952680268681098,1.97064812315645
syn1,RI_SE,sc,0.19,1.192594660939548,0.7481955639342325,2.1405799727240002,0.6669103964178963,1.9709153293951724
syn1,RI_SE,sc,0.2,1.1319226676007348,0.7066317570087696,2.1225318829300948,0.6312103600065189,1.9447481549649426
syn1,RI_SE,sc,0.21,1.0718528729539498,0.6661812812876613,2.0828576084483297,0.5970310667528174,1.9068550485178948
syn1,RI_SE,sc,0.22,1.0135114932434817,0.6257613870402277,2.0330086309389745,0.5383902285045185,1.8287536356465053
syn1,RI_SE,sc,0.23,0.9589692206531952,0.5884922323967595,1.973886912832036,0.5123416595198731,1.7771438103526294
syn1,RI_SE,sc,0.24,0.9057114532892202,0.5531726676734929,1.902526534393032,0.48227065170701866,1.7105336085420542
syn1,RI_SE,sc,0.25,0.857382025559988,0.5206743294300745,1.8367899993326413,0.4409311060565298,1.6333395864082532
syn1,RI_SE,sc,0.26,0.8123500324956479,0.49094518978589724,1.7676688230846462,0.4154074457261223,1.5670915212653482
syn1,RI_SE,sc,0.27,0.7715427203281723,0.4639344666370396,1.699156419786562,0.396041075449941,1.5056000742731757
syn1,RI_SE,sc,0.28,0.7348023103742025,0.4403457813511686,1.6374297962781177,0.37667474785931243,1.4470848434709151
syn1,RI_SE,sc,0.29,0.7009828711576735,0.4190118712398573,1.5789696224849243,0.359566422954651,1.3925590531579004
syn1,RI_SE,sc,0.3,0.670671823465125,0.4001414352423833,1.5238699677693057,0.34456253482962373,1.3448344377530486
syn1,RI_SE,sc,0.31,0.6442477015692151,0.3835594358664966,1.4778928830273723,0.33092467432757877,1.3033817108515813
syn1,RI_SE,sc,0.32,0.6207068908457359,0.3683326610604807,1.4395401335509481,0.3194387992606593,1.2684908137185968
syn1,RI_SE,sc,0.33,0.5998265037317458,0.35526668130028116,1.4089039709007918,0.306557836791143,1.2368702955272997
syn1,RI_SE,sc,0.34,0.5821829035649853,0.3438835257842619,1.3846507784732125,0.28864112831250105,1.2045235631566726
syn1,RI_SE,sc,0.35000000000000003,0.5670841933463504,0.33392816568320893,1.3672546873548121,0.2836349642304504,1.1872027591347634
syn1,RI_SE,sc,0.36,0.5547682338278216,0.32547045756083137,1.3626492950194895,0.2816989272523166,1.1809681199237467
syn1,RI_SE,sc,0.37,0.5447441066279979,0.31819741754068553,1.3596859195925048,0.2744809303943286,1.1759028539236618
syn1,RI_SE,sc,0.38,0.5366005335095494,0.3123903147854218,1.3623541656272238,0.268928772796185,1.1734249376911041
syn1,RI_SE,sc,0.39,0.53110844274528,0.30800945713097366,1.373586573419008,0.26468698444499206,1.1792289695672764
syn1,RI_SE,sc,0.4,0.5271589760064963,0.30440896176375265,1.3865169746222643,0.2561960199383533,1.182482766568372
syn1,RI_SE,sc,0.41000000000000003,0.5260207556306327,0.30154239685601186,1.40693456484865,0.26014546863202065,1.2052981799009856
syn1,RI_SE,sc,0.42,0.5270203716792953,0.29931538687174636,1.4388421879542403,0.2517930190176163,1.2224089416994197
syn1,RI_SE,sc,0.43,0.5301839259560062,0.29791237670300275,1.4796624326380345,0.25004031240283814,1.252567781609686
syn1,RI_SE,sc,0.44,0.5355344582795774,0.2979056404265332,1.5279878555082056,0.24870939461325328,1.2891709816255699
syn1,RI_SE,sc,0.45,0.5424829679001915,0.2984919206477869,1.5898700407544637,0.24718448531344736,1.3310771031052964
syn1,RI_SE,sc,0.46,0.5513339489836624,0.2998447072587439,1.661615409174019,0.24474107324761013,1.3790792602550856
syn1,RI_SE,sc,0.47000000000000003,0.5631021036943901,0.30172667771324274,1.7495960509638917,0.24707762946728254,1.446964116742609
syn1,RI_SE,sc,0.48,0.5766420039089775,0.30452205819064704,1.8569024605136089,0.24392440064810156,1.516877748930571
syn1,RI_SE,sc,0.49,0.5916565788354687,0.30774676065834955,1.9838539125761296,0.2506150074569741,1.6086012484857313
syn1,RI_SE,sc,0.5,0.6099492650765452,0.31049138044242564,2.1242762704505793,0.24937233144043078,1.6983592196378714
syn1,RI_SE,sc,0.51,0.6318729467127737,0.31489796392493025,2.297683760821045,0.2507106450995449,1.798714213481737
syn1,RI_SE,sc,0.52,0.6565918433472484,0.31816657863973313,2.4896868602881628,0.2269528389881094,1.8882817551561444
syn1,RI_SE,sc,0.53,0.6839402078930921,0.32079204991368027,2.6792575064873367,0.2278096686143464,2.016732499001291
syn1,RI_SE,sc,0.54,0.7128910085273266,0.32322973579272707,2.898572921745073,0.2262088054232224,2.1671202830145213
syn1,RI_SE,sc,0.55,0.7409052412384587,0.3254966608181267,3.1472136959015935,0.22667670902464157,2.3120029890866727
syn1,RI_SE,sc,0.56,0.7684377067427972,0.3261315425338064,3.392604421920045,0.2304536194140204,2.4816766883540438
syn1,RI_SE,sc,0.5700000000000001,0.7931205404025855,0.325291136071715,3.6065205600045758,0.22363498268139978,2.6294321507539107
syn1,RI_SE,sc,0.58,0.8135414123951354,0.3217350425731121,3.79533799859437,0.22408695860544164,2.764810629955407
syn1,RI_SE,sc,0.59,0.8224718097215983,0.3168880475895025,3.943383319226765,0.210124758031653,2.861712465592147
syn1,RI_SE,sc,0.6,0.8239325230737753,0.30927715905245334,3.9265649855152165,0.21792018077170094,2.9486743458171993
syn1,RI_SE,sc,0.61,0.81421149214078,0.3015448942391419,4.0046337790523765,0.2051617660999732,2.934364967575839
syn1,RI_SE,sc,0.62,0.7912387830141838,0.2922172603668008,3.9565816401218354,0.20393437338501716,2.8574784391523047
syn1,RI_SE,sc,0.63,0.7550993054314599,0.281150305774282,3.77696617622418,0.19260392246219438,2.694419344333522
syn1,RI_SE,sc,0.64,0.7079287342534124,0.26935734302969583,3.42238471574437,0.18827387349689248,2.461484657111471
syn1,RI_SE,sc,0.65,0.6557912505997351,0.2567754589556467,3.052599388488918,0.1791271594452618,2.179292780051344
syn1,RI_SE,sc,0.66,0.600577824867341,0.2423136441561053,2.5886225867434685,0.16935673948048152,1.8939359869662562
syn1,RI_SE,sc,0.67,0.5449793989548922,0.22703001724227723,2.1612494446537824,0.15923722163948437,1.6160389991238098
syn1,RI_SE,sc,0.68,0.4886105265502104,0.21233872990414457,1.7464731165232608,0.15060242282135008,1.3474522060147025
syn1,RI_SE,sc,0.6900000000000001,0.43549804741987985,0.19740417828865553,1.4041606803245301,0.14400839598793283,1.1184435226989597
syn1,RI_SE,sc,0.7000000000000001,0.38570182588955937,0.1833566011435274,1.1344099910130028,0.13447362796168547,0.9199545707534565
syn1,RI_SE,sc,0.71,0.3411427752211665,0.169876687243669,0.9108350560327968,0.1309560005708887,0.7638714439531835
syn1,RI_SE,sc,0.72,0.3013672685751614,0.15606689480958794,0.7408325354268027,0.12203509906173075,0.6334071177180632
syn1,RI_SE,sc,0.73,0.2663097849243639,0.14266623571687656,0.6085421380186882,0.12277814092045469,0.5385177473167287
syn1,RI_SE,sc,0.74,0.23550231931151752,0.13048650965118366,0.5042230372557753,0.10459414984341482,0.4435682033731567
syn1,RI_SE,sc,0.75,0.2089754468252048,0.11949230427277661,0.42245398694901254,0.10440374062157369,0.38211554084958155
syn1,RI_SE,sc,0.76,0.18578566900051582,0.10907641247762041,0.35680180851148574,0.09625676012477648,0.3250619265634152
syn1,RI_SE,sc,0.77,0.16548554981835498,0.09977410208752978,0.30390047219158367,0.088488444317759,0.278041955526447
syn1,RI_SE,sc,0.78,0.14760192776212844,0.09115341327669181,0.26087587396605993,0.08187504177467783,0.24053196069198785
syn1,RI_SE,sc,0.79,0.13208834199770586,0.0834334707878911,0.2258115755129622,0.07537558745080325,0.20909654848707948
syn1,RI_SE,sc,0.8,0.1186096104347182,0.07638139505244962,0.19740277936453843,0.07105650427344375,0.18463445333107484
syn1,RI_SE,sc,0.81,0.10673882657292325,0.07010266602136567,0.1737604274876461,0.06379036600287441,0.1609362854041365
syn1,RI_SE,sc,0.8200000000000001,0.09633171364023171,0.06443247543028949,0.15377479353916781,0.0609058738059594,0.14460019159885193
syn1,RI_SE,sc,0.8300000000000001,0.0872274365740147,0.05939385854107815,0.1368643897621171,0.05586779026541355,0.12853453660711342
syn1,RI_SE,sc,0.84,0.07922605475153663,0.05485459147977492,0.12262116026808788,0.051808329671926834,0.11514644528392173
syn1,RI_SE,sc,0.85,0.0721414195949813,0.0507588551528474,0.11021731730657147,0.04825944956399237,0.1039915374084199
syn1,RI_SE,sc,0.86,0.06592147877660688,0.04704234153034914,0.09953359643386288,0.04472196440181421,0.09404690990696726
syn1,RI_SE,sc,0.87,0.06041191409197798,0.04368313038065999,0.09015169598878035,0.04147997236315141,0.08527193029325315
syn1,RI_SE,sc,0.88,0.05546640376579104,0.04064580600412329,0.08201782857695898,0.038726374974892154,0.07782931808899672
syn1,RI_SE,sc,0.89,0.05105605279733717,0.0379174078110716,0.07498020868814412,0.03633645292604079,0.07139663306342399
syn1,RI_SE,sc,0.9,0.04713301251046901,0.03545475719683776,0.06877485685532295,0.03425608579241032,0.06575695256032119
syn1,RI_SE,sc,0.91,0.043609244090205695,0.033211288206119995,0.06333204982911209,0.03189804032216358,0.06034884716264173
syn1,RI_SE,sc,0.92,0.04042911062378244,0.03115920305270171,0.05845586188648308,0.030033695181716596,0.055866724546843376
syn1,RI_SE,sc,0.93,0.03758948510779104,0.029284691010937024,0.05407732014072322,0.028323810847858344,0.051828071559922105
syn1,RI_SE,sc,0.9400000000000001,0.03503435278563895,0.02756149689308935,0.050095973338046725,0.02665131634820868,0.0481665673169767
syn1,RI_SE,sc,0.9500000000000001,0.03270776676180896,0.025976763980228267,0.046586054965705316,0.025304705720643982,0.04510779856126586
syn1,RI_SE,sc,0.96,0.030608416325901305,0.02451815297918972,0.0434464623843704,0.023749099345326517,0.042006646121778714
syn1,RI_SE,sc,0.97,0.02871070538686065,0.02317071270042049,0.04067898005615248,0.02261785998982478,0.03950239405879342
syn1,RI_SE,sc,0.98,0.026990343618072347,0.021928343333956643,0.03815654736884913,0.021438522454986637,0.037070917963805586
syn1,RI_SE,sc,0.99,0.02539694700856413,0.020789397349025154,0.035895520862347076,0.020259610063781804,0.034791437904150256
syn1,RI_SE,sc,1.0,0.02395358828071833,0.01973428491365663,0.033871051839820435,0.019284979735071248,0.032838424651284503
syn1,DIS,bc,0.01,0.997041030946408,0.874423999808764,1.07086156648378,0.887230066636112,1.07948360712982
syn1,DIS,bc,0.02,0.999633394242816,0.887114209213539,1.10626570691558,0.890057146411725,1.10900223998234
syn1,DIS,bc,0.03,1.00421715679381,0.909955488321592,1.17471106462555,0.893003199635269,1.14725617383942
syn1,DIS,bc,0.04,1.00679031782984,0.909637792684544,1.22002926761632,0.885095452714852,1.17598112152592
syn1,DIS,bc,0.05,1.00775577499226,0.902617748989476,1.23497146627403,0.880365763281549,1.1949400614331
syn1,DIS,bc,0.06,1.00779113594804,0.890973673137634,1.23779428012065,0.87365205643552,1.20771055679928
syn1,DIS,bc,0.07,1.00869548020851,0.886347586314875,1.26342354759651,0.864895992872525,1.22262905508477
syn1,DIS,bc,0.08,1.0092508045286,0.879718639900443,1.27853176409543,0.853960917241682,1.23311076932118
syn1,DIS,bc,0.09,1.01019515103497,0.875873205169091,1.30114585549581,0.843070743628418,1.2463162896338
syn1,DIS,bc,0.1,1.01131523373444,0.872352239963633,1.32935926351942,0.837214497226659,1.26457507693546
syn1,DIS,bc,0.11,1.01132434446517,0.865783966115309,1.3358879010549,0.828076654782366,1.27069249870975
syn1,DIS,bc,0.12,1.0115490374984,0.858720241588308,1.35110082305056,0.825536950059555,1.28959924891569
syn1,DIS,bc,0.13,1.01175140470241,0.85044807491834,1.35665793019006,0.810301976559093,1.29101431945052
syn1,DIS,bc,0.14,1.01234659931011,0.848844264798337,1.37889734958945,0.806605097605154,1.30653855551564
syn1,DIS,bc,0.15,1.01256017046197,0.843260424022154,1.39604064520158,0.79986168996212,1.31552196223871
syn1,DIS,bc,0.16,1.01348991821607,0.842185339007465,1.42974532269754,0.794216670138693,1.33214938616201
syn1,DIS,bc,0.17,1.01401052478769,0.837941419258794,1.45541210617668,0.786125910397938,1.34639668095221
syn1,DIS,bc,0.18,1.01411713750036,0.831146743999048,1.458180804467,0.783167939551341,1.36028057431867
syn1,DIS,bc,0.19,1.01368282667515,0.823190409694632,1.46877377716631,0.773302259331705,1.3648630203319
syn1,DIS,bc,0.2,1.01309741870921,0.814446716975993,1.46054522485679,0.761293884751835,1.36455846549615
syn1,DIS,bc,0.21,1.0126303068892,0.804171251729014,1.46154465286871,0.755338818533717,1.375609642168
syn1,DIS,bc,0.22,1.0124056524447,0.798158841566831,1.46758274436862,0.751529249683636,1.38440483669143
syn1,DIS,bc,0.23,1.01223059856649,0.786288763707681,1.47531861367337,0.733852322068,1.38446157232399
syn1,DIS,bc,0.24,1.01194335971336,0.778474776752607,1.48220529353239,0.727484066852988,1.39536337662122
syn1,DIS,bc,0.25,1.01337811719833,0.784742722203321,1.51824676028277,0.734982710577512,1.42373914658461
syn1,DIS,bc,0.26,1.01486300970372,0.788322466793054,1.56273780420388,0.713333206352545,1.43072835029593
syn1,DIS,bc,0.27,1.01639896348083,0.791875680744555,1.60749321527881,0.723495532135757,1.4637777339005
syn1,DIS,bc,0.28,1.01752806320006,0.793016625436303,1.6570870879528,0.70942684619742,1.47337669191088
syn1,DIS,bc,0.29,1.01878839039532,0.794324928294784,1.69300114303035,0.711600349332164,1.50230299719828
syn1,DIS,bc,0.3,1.01984264030979,0.794613036112346,1.72897939517838,0.714705093702817,1.52277988159976
syn1,DIS,bc,0.31,1.02070522198061,0.792914564291645,1.76779197483832,0.694454369291302,1.52031105165409
syn1,DIS,bc,0.32,1.02150750367477,0.791005859471973,1.80320897030992,0.69905093862044,1.55234892745538
syn1,DIS,bc,0.33,1.02193691791755,0.790924454221782,1.82872652367201,0.694180029005026,1.55788463872556
syn1,DIS,bc,0.34,1.02253049019834,0.789383369914554,1.8671794643828,0.691653858049577,1.57374021635642
syn1,DIS,bc,0.35,1.02301869809924,0.786965067917407,1.88190466944404,0.683332412251661,1.58041061500654
syn1,DIS,bc,0.36,1.02336178526186,0.783552527421128,1.90479099934959,0.686307747304737,1.60929711742013
syn1,DIS,bc,0.37,1.02362907545082,0.779573914726558,1.92223492273653,0.685333754294083,1.62323459319967
syn1,DIS,bc,0.38,1.02375868256231,0.777463492820696,1.94039272241455,0.671692899132081,1.62694960541436
syn1,DIS,bc,0.39,1.02419138850397,0.775679683017269,1.95625450767179,0.676112154950627,1.64610285847759
syn1,DIS,bc,0.4,1.02425383930323,0.77056109956162,1.9713218392409,0.66547892914078,1.65175318543878
syn1,DIS,bc,0.41,1.02384230172853,0.76517150087222,1.97234536818403,0.66175390084477,1.6566040047611
syn1,DIS,bc,0.42,1.02355049143071,0.760752035022227,1.97257646888514,0.66004781974467,1.67095707850775
syn1,DIS,bc,0.43,1.02383425305925,0.758962802451289,2.00499581039076,0.657165986775759,1.6796472747248
syn1,DIS,bc,0.44,1.02381729219903,0.754456788755393,2.0371672627552,0.627722555698128,1.66469024826012
syn1,DIS,bc,0.45,1.02388752890918,0.753752193304648,2.04171392602208,0.633838652112566,1.68401516589434
syn1,DIS,bc,0.46,1.02409601734281,0.750541970950368,2.05008678611568,0.633095478096575,1.69756783906136
syn1,DIS,bc,0.47,1.02419463253502,0.745487584778169,2.07486519927339,0.623636933256543,1.703385001562
syn1,DIS,bc,0.48,1.02437698334994,0.742249334588932,2.09313887830761,0.635114349880764,1.71952134507641
syn1,DIS,bc,0.49,1.02378615122106,0.740402824342163,2.10553331087031,0.618517075557429,1.71630949608049
syn1,DIS,bc,0.5,1.02386899566316,0.735638059408135,2.09858437654906,0.620955784783554,1.73020659343297
syn1,DIS,bc,0.51,1.02345922917547,0.731443934144582,2.10962439109522,0.599899292346531,1.71948396980925
syn1,DIS,bc,0.52,1.0231675905194,0.726785210320509,2.1168038417854,0.614259942341993,1.74591615565857
syn1,DIS,bc,0.53,1.02287142396184,0.719918462241299,2.11692461685593,0.604982193662012,1.74711604780439
syn1,DIS,bc,0.54,1.02223598327713,0.716039678343288,2.12121984140296,0.594676133581627,1.74441095386041
syn1,DIS,bc,0.55,1.02172994145069,0.708781994522886,2.11938782033946,0.590003019917978,1.74834130803833
syn1,DIS,bc,0.56,1.02110366202651,0.70433626428096,2.11951793501005,0.573262407771401,1.73368781828792
syn1,DIS,bc,0.57,1.02035438825502,0.698420093602036,2.11577336060201,0.578077670604962,1.74209584408571
syn1,DIS,bc,0.58,1.01954573909279,0.688377814679309,2.09519225709358,0.570540707990827,1.73310560787238
syn1,DIS,bc,0.59,1.018973071855,0.681447401451395,2.07882839136073,0.553681075804373,1.72020550122162
syn1,DIS,bc,0.6,1.01804545812555,0.673918315423258,2.05752250598929,0.548069507572778,1.71853628383419
syn1,DIS,bc,0.61,1.01679156014426,0.665859624391923,2.05217278723035,0.534344095925529,1.71234719038711
syn1,DIS,bc,0.62,1.01632401601063,0.658832123246475,2.04681259892628,0.535702744292418,1.72851137059876
syn1,DIS,bc,0.63,1.01600373739183,0.651839540978285,2.05118556791619,0.514057607626756,1.7108092867487
syn1,DIS,bc,0.64,1.01550307657031,0.64504925770246,2.0400236023007,0.535914616520175,1.74147928995744
syn1,DIS,bc,0.65,1.01481712205278,0.63989023362487,2.04042464056257,0.51486676203141,1.72812763434654
syn1,DIS,bc,0.66,1.01386920244047,0.631133802009448,2.03928004844534,0.509731979905678,1.72868933211044
syn1,DIS,bc,0.67,1.01345041980705,0.622881975962586,2.04329918853375,0.50831153401274,1.74077725823214
syn1,DIS,bc,0.68,1.01286691610202,0.615470229733172,2.0332660365838,0.476669496839212,1.72074255754631
syn1,DIS,bc,0.69,1.01239173824691,0.606855672381088,2.01896933304804,0.465184025790945,1.71667859233298
syn1,DIS,bc,0.7,1.0113957704653,0.59572602007498,2.01109102155007,0.457989163845651,1.71568854288594
syn1,DIS,bc,0.71,1.0117060937494,0.594407843240811,2.0354759769246,0.452002232419823,1.72321925658526
syn1,DIS,bc,0.72,1.01185594686238,0.591427614692714,2.06253195527712,0.457280122956577,1.73907908535717
syn1,DIS,bc,0.73,1.01196322654747,0.590331056600762,2.07177751140207,0.4560005286646,1.76339970742016
syn1,DIS,bc,0.74,1.01222747489411,0.586592223141708,2.10714090689578,0.447731932386238,1.76712080493214
syn1,DIS,bc,0.75,1.01208068961983,0.585396581794906,2.12187841402694,0.437107248935504,1.76774934277079
syn1,DIS,bc,0.76,1.01225892475955,0.583179367676738,2.13351572471639,0.423624919889374,1.77407136828363
syn1,DIS,bc,0.77,1.01229730927599,0.580443071061969,2.15610074884972,0.415734879525673,1.77690055079122
syn1,DIS,bc,0.78,1.01238113361536,0.576968803105254,2.17237781761581,0.426835241994949,1.79415189192236
syn1,DIS,bc,0.79,1.0121926814907,0.573553199224535,2.18747742977151,0.410910872795011,1.79847237759529
syn1,DIS,bc,0.8,1.01229615537217,0.571152441878051,2.19798763632665,0.422568712339925,1.81556425452198
syn1,DIS,bc,0.81,1.01186070190231,0.568410194776294,2.20184108361042,0.416965776715808,1.81397168455932
syn1,DIS,bc,0.82,1.01213735385474,0.566434741255123,2.21732318171068,0.408132090788416,1.81654171033084
syn1,DIS,bc,0.83,1.01206802940379,0.563561813883671,2.20996291662814,0.412085978411811,1.82672356664312
syn1,DIS,bc,0.84,1.0119924418353,0.5596779589936,2.22944122868903,0.402318592181605,1.82723687011009
syn1,DIS,bc,0.85,1.01198276943187,0.556589406332833,2.23628154153111,0.407009966516186,1.84325928852089
syn1,DIS,bc,0.86,1.01117532261549,0.553270560848682,2.2335966448731,0.378425565121625,1.82643293948599
syn1,DIS,bc,0.87,1.01148843335217,0.546886494856293,2.24500892715181,0.356082749733646,1.8155154558447
syn1,DIS,bc,0.88,1.01087570191153,0.546537540727998,2.24855597026643,0.359405542011604,1.81781818751636
syn1,DIS,bc,0.89,1.01087615687571,0.540749245957622,2.24834896496662,0.361951610555526,1.83353812139871
syn1,DIS,bc,0.9,1.01055887819536,0.53754303447726,2.25224433162646,0.383461941004171,1.85816123724657
syn1,DIS,bc,0.91,1.01014852986491,0.532301975298545,2.24571177632568,0.358660995303563,1.83628360874913
syn1,DIS,bc,0.92,1.01041138191943,0.528161446110278,2.26490800835038,0.359954725103108,1.84721642861862
syn1,DIS,bc,0.93,1.01076760607333,0.526766540743325,2.27815371779973,0.340179884711932,1.83760379571415
syn1,DIS,bc,0.94,1.01085777864646,0.525230714704311,2.2980954902775,0.323514096429152,1.83496075563255
syn1,DIS,bc,0.95,1.01080730767436,0.524180591490978,2.31233326850168,0.334729119740863,1.85729201046737
syn1,DIS,bc,0.96,1.01108061023882,0.523495667674497,2.33006327095995,0.325558223004085,1.85533351883319
syn1,DIS,bc,0.97,1.01142807052557,0.522667177431894,2.34373518818343,0.334590228478013,1.87608490867288
syn1,DIS,bc,0.98,1.01156304826601,0.520683343062824,2.36100655148232,0.351136060807082,1.90296297285681
syn1,DIS,bc,0.99,1.01162224401959,0.516969255579861,2.37676248728857,0.313965900913247,1.87658879418983
syn1,DIS,bc,1.0,1.01162224401959,0.516969255579861,2.37676248728857,0.313965900913247,1.87658879418983
syn1,DIS,sc,0.01,0.997578751931693,0.862241278771899,1.09714015189432,0.870259890511333,1.10289089734837
syn1,DIS,sc,0.02,1.00238005719852,0.90523458175381,1.21129794505856,0.874450450115362,1.1564960366819
syn1,DIS,sc,0.03,1.0044898517531,0.908325517597338,1.29668804200374,0.868028206063236,1.19729907364169
syn1,DIS,sc,0.04,1.00481416167877,0.899070952482034,1.29882918106315,0.863597051795562,1.21095371219447
syn1,DIS,sc,0.05,1.00357983239098,0.882736627139316,1.2522978060176,0.854950272291658,1.20111489327386
syn1,DIS,sc,0.06,1.00076167073657,0.845419953091664,1.20061714489258,0.838415761998751,1.19150992713771
syn1,DIS,sc,0.07,1.0008369575915,0.8420223320223,1.21730947679881,0.824348283349481,1.19478107136257
syn1,DIS,sc,0.08,1.00141403919537,0.84439928800844,1.24720840373842,0.817711284202913,1.20952873483968
syn1,DIS,sc,0.09,1.00188039975285,0.843751065000867,1.28435307059272,0.809916502890982,1.22726120764372
syn1,DIS,sc,0.1,1.00211949228548,0.839713411558585,1.30221649909058,0.799601113537388,1.23705501691508
syn1,DIS,sc,0.11,1.00095320684694,0.823842332508748,1.28872018300652,0.795773739606995,1.24263306504692
syn1,DIS,sc,0.12,0.999713607080535,0.805274121272809,1.29273773775289,0.780832978413335,1.25613927594266
syn1,DIS,sc,0.13,0.999732203378939,0.804229563477021,1.31434845559761,0.777445061503331,1.2685788392268
syn1,DIS,sc,0.14,0.999285711952303,0.794036678328072,1.31679504408929,0.749558371085902,1.2568696037561
syn1,DIS,sc,0.15,0.999670390105836,0.795053882928415,1.34830417497574,0.755964813136162,1.27917126854718
syn1,DIS,sc,0.16,0.999678516054967,0.792547690803426,1.36971217599575,0.74878678191642,1.2869019712602
syn1,DIS,sc,0.17,0.999198384864995,0.784876181111085,1.38061883556077,0.733455840536669,1.2846114647964
syn1,DIS,sc,0.18,0.998225917234353,0.776779950742263,1.37328048391979,0.73440489342332,1.29576893175508
syn1,DIS,sc,0.19,0.997016740383814,0.76410619133988,1.35337658423644,0.728488690000118,1.29165672358969
syn1,DIS,sc,0.2,0.995047038108201,0.73904422230971,1.32559429280626,0.709529721554354,1.28029158238766
syn1,DIS,sc,0.21,0.99356322249226,0.719562359097021,1.30795944483156,0.697265944027445,1.27995260560241
syn1,DIS,sc,0.22,0.992271509030196,0.704957931386232,1.30329576546259,0.687289489734531,1.2805177108707
syn1,DIS,sc,0.23,0.990689966748247,0.678847283967498,1.29280364610537,0.675880990781655,1.28926395890615
syn1,DIS,sc,0.24,0.989894270847316,0.669491489858011,1.30308989085181,0.654771319751986,1.2862558703156
syn1,DIS,sc,0.25,0.990684805152129,0.687407078229291,1.3319333898114,0.666141018705922,1.30224821779397
syn1,DIS,sc,0.26,0.991760911115225,0.694808156351929,1.3691779246717,0.655344950399918,1.3108222949722
syn1,DIS,sc,0.27,0.992766991604305,0.699682902036676,1.40088562050552,0.669858240469956,1.34020353269966
syn1,DIS,sc,0.28,0.993265925687937,0.706020010285654,1.4300391077221,0.643971135699508,1.32580322630419
syn1,DIS,sc,0.29,0.993537921424152,0.707430837203643,1.45679824374832,0.647518231574418,1.34510072321971
syn1,DIS,sc,0.3,0.994333558729725,0.709273286245674,1.48796026863293,0.63731446746578,1.35317805446219
syn1,DIS,sc,0.31,0.99410799198205,0.708341941759962,1.50774223989844,0.649561601858136,1.37646315528611
syn1,DIS,sc,0.32,0.994068575226455,0.707489561358731,1.53039884181017,0.648500776922491,1.3914026980093
syn1,DIS,sc,0.33,0.994156059755616,0.706475232910824,1.55577528869793,0.633665585322849,1.38770955813944
syn1,DIS,sc,0.34,0.993836138163031,0.703233530708087,1.56262735450241,0.626931038922183,1.39121121225006
syn1,DIS,sc,0.35,0.993973765134257,0.701220468428542,1.58748195416214,0.617358549605481,1.39316999458994
syn1,DIS,sc,0.36,0.993595701332164,0.694224403179211,1.60552852420683,0.616131618590438,1.40786444859548
syn1,DIS,sc,0.37,0.993281555227881,0.690465680213619,1.60577295774102,0.606724138896706,1.40688922930025
syn1,DIS,sc,0.38,0.992811015343142,0.685524516554665,1.59616622452628,0.616085643522556,1.41854809118189
syn1,DIS,sc,0.39,0.992092343966956,0.679740250523019,1.59132828832355,0.600925652819431,1.40328089272698
syn1,DIS,sc,0.4,0.991356474434303,0.672496993386964,1.58767522647499,0.591128870349128,1.39914197635017
syn1,DIS,sc,0.41,0.990481272399062,0.667856887869837,1.57538801638393,0.583974711836392,1.39440304670667
syn1,DIS,sc,0.42,0.9895108030973,0.659197580224631,1.55186929131421,0.579334804582202,1.38994628289488
syn1,DIS,sc,0.43,0.98937951476447,0.656112112762728,1.56824531912332,0.588353202646281,1.41025852534718
syn1,DIS,sc,0.44,0.989090937046328,0.654403628264979,1.58693614181566,0.565361749797891,1.39736203922754
syn1,DIS,sc,0.45,0.988545690127717,0.651472951419238,1.59575282851721,0.576431266463432,1.41764115254633
syn1,DIS,sc,0.46,0.988484847346983,0.646368411562366,1.60406912104218,0.569667115617578,1.41580938499356
syn1,DIS,sc,0.47,0.986850835209271,0.635927978910163,1.58387925909286,0.566775288239487,1.41708004405451
syn1,DIS,sc,0.48,0.986381750826454,0.629286567856604,1.58358745712756,0.553988502679729,1.41017465475864
syn1,DIS,sc,0.49,0.985150486390882,0.623910767553811,1.5804498655616,0.538279839901379,1.39746923000581
syn1,DIS,sc,0.5,0.984280503422333,0.619291280399115,1.57775620590404,0.544544860882726,1.40980007048945
syn1,DIS,sc,0.51,0.983168638717437,0.61022472009133,1.55517458252392,0.518827876268337,1.38040930999088
syn1,DIS,sc,0.52,0.982237146216245,0.605979994991314,1.54134877887624,0.537742433864209,1.39986713186583
syn1,DIS,sc,0.53,0.980996821610507,0.596101917453599,1.53666012197915,0.530796312444152,1.4007564675082
syn1,DIS,sc,0.54,0.980107874160122,0.586354809799037,1.51757838782265,0.515814131794827,1.38181555484765
syn1,DIS,sc,0.55,0.978547724117021,0.577258189543846,1.50257724136215,0.502890301782396,1.37745530941523
syn1,DIS,sc,0.56,0.977338888332039,0.567791218407047,1.48981852078691,0.506586957264098,1.37739697535721
syn1,DIS,sc,0.57,0.975961776315584,0.55469782508988,1.46721790341334,0.510041249816934,1.3825799964626
syn1,DIS,sc,0.58,0.974515792599721,0.543025047295832,1.44754537026506,0.486886812077362,1.35812547465033
syn1,DIS,sc,0.59,0.971298271747913,0.516906249194467,1.4107155041122,0.468522235581299,1.34639363317575
syn1,DIS,sc,0.6,0.96974627158245,0.502548529280684,1.39685733193342,0.458406528078213,1.33991817307142
syn1,DIS,sc,0.61,0.967858287278294,0.483488425155282,1.3844638498979,0.450123101745609,1.34118480979048
syn1,DIS,sc,0.62,0.966888062091733,0.471215251079345,1.38077416718846,0.437277686668251,1.33935598142759
syn1,DIS,sc,0.63,0.966195038740933,0.460947946939322,1.37957793206992,0.432668932483661,1.3422155995241
syn1,DIS,sc,0.64,0.964750275594721,0.449786691469058,1.37358063298205,0.430098983452417,1.34762481544788
syn1,DIS,sc,0.65,0.963401017596769,0.438307006291491,1.3742193520205,0.402406431588277,1.33075767612218
syn1,DIS,sc,0.66,0.961987483463726,0.423196708057777,1.36448975077118,0.398051854184343,1.33241451906229
syn1,DIS,sc,0.67,0.961074593864774,0.403430498967102,1.35508701262453,0.39706830976986,1.34804321858885
syn1,DIS,sc,0.68,0.959590562995023,0.382940925328959,1.35009418497994,0.392765705087593,1.3588735203002
syn1,DIS,sc,0.69,0.958009294606419,0.358559869844503,1.34734647893835,0.349613050838843,1.33605165235395
syn1,DIS,sc,0.7,0.956698095393993,0.33574839499196,1.34251499807705,0.337270940529165,1.34353004864777
syn1,DIS,sc,0.71,0.955841565464824,0.329743175822242,1.35140832402916,0.326064857347557,1.34746271589461
syn1,DIS,sc,0.72,0.955712971645345,0.325861032863797,1.35688416762184,0.317006510672032,1.34649651393018
syn1,DIS,sc,0.73,0.95549092837767,0.327840654192728,1.36353779955544,0.321608864906876,1.35599454810989
syn1,DIS,sc,0.74,0.955645353515771,0.323828105756102,1.3639493992729,0.319404476848409,1.35926935252871
syn1,DIS,sc,0.75,0.955360134597666,0.317793584261019,1.36902629535926,0.302539012295593,1.35254421358497
syn1,DIS,sc,0.76,0.954989583632467,0.316299759404895,1.37086749020596,0.305493543408885,1.35849390214284
syn1,DIS,sc,0.77,0.955033462020328,0.315674174927311,1.3777120252244,0.289700222631228,1.35018078934014
syn1,DIS,sc,0.78,0.954281553297585,0.31141438660259,1.3804026301149,0.288518322876671,1.35061271289517
syn1,DIS,sc,0.79,0.954061120760153,0.307320194542381,1.38503010609767,0.279195232237644,1.35219116453424
syn1,DIS,sc,0.8,0.953517955730433,0.30032811805942,1.38554973323415,0.25964977525716,1.34180461405377
syn1,DIS,sc,0.81,0.953049648707575,0.293924887506335,1.39066723982631,0.264769819281299,1.35624433814251
syn1,DIS,sc,0.82,0.952885430964568,0.287262233584058,1.39485463978072,0.268782080092818,1.37242881213475
syn1,DIS,sc,0.83,0.952305821886883,0.277334989363737,1.39607622811355,0.246119625751379,1.36348099565568
syn1,DIS,sc,0.84,0.952305043767309,0.270576601689868,1.40009444455471,0.25462901743604,1.38122777745491
syn1,DIS,sc,0.85,0.951869934981914,0.266333983012384,1.40274479480677,0.233824174410574,1.36610536629335
syn1,DIS,sc,0.86,0.9512636950619,0.259155415766065,1.40367169841242,0.226813370303897,1.36652821688678
syn1,DIS,sc,0.87,0.951216926848225,0.250649203526749,1.40855942893761,0.218152947459766,1.36917825999864
syn1,DIS,sc,0.88,0.950758701330801,0.244171345067344,1.40910239533222,0.214849334314062,1.37479566912291
syn1,DIS,sc,0.89,0.950306276472774,0.235988353862366,1.41255593629661,0.21431951164232,1.38705192342192
syn1,DIS,sc,0.9,0.949934484837323,0.226561211177424,1.41333404914454,0.201825627540552,1.38393157089537
syn1,DIS,sc,0.91,0.949264192874078,0.214427425973991,1.41152853959582,0.196035849314056,1.39104361706565
syn1,DIS,sc,0.92,0.949264192874078,0.214427425973991,1.41152853959582,0.196035849314056,1.39104361706565
syn1,DIS,sc,0.93,0.949264192874078,0.214427425973991,1.41152853959582,0.196035849314056,1.39104361706565
syn1,DIS,sc,0.94,0.949264192874078,0.214427425973991,1.41152853959582,0.196035849314056,1.39104361706565
syn1,DIS,sc,0.95,0.949264192874078,0.214427425973991,1.41152853959582,0.196035849314056,1.39104361706565
syn1,DIS,sc,0.96,0.949264192874078,0.214427425973991,1.41152853959582,0.196035849314056,1.39104361706565
syn1,DIS,sc,0.97,0.949264192874078,0.214427425973991,1.41152853959582,0.196035849314056,1.39104361706565
syn1,DIS,sc,0.98,0.949264192874078,0.214427425973991,1.41152853959582,0.196035849314056,1.39104361706565
syn1,DIS,sc,0.99,0.949264192874078,0.214427425973991,1.41152853959582,0.196035849314056,1.39104361706565
syn1,DIS,sc,1.0,0.949264192874078,0.214427425973991,1.41152853959582,0.196035849314056,1.39104361706565
syn2,RI_BM,bc,0.006999999999999999,2.962920734410633,2.224932131325655,4.096679266215852,2.134370399548561,3.9583901365956202
syn2,RI_BM,bc,0.013999999999999999,2.8966095167095274,2.1987858024648097,3.912668035574932,2.1375405095286446,3.8148529446402915
syn2,RI_BM,bc,0.020999999999999998,2.839605072955808,2.157876137344641,3.808436414820323,2.08353709504244,3.7029688265866403
syn2,RI_BM,bc,0.027999999999999997,2.8197393023413335,2.1429376390731982,3.7937031091181193,2.0853308725159283,3.7065785787591485
syn2,RI_BM,bc,0.034999999999999996,2.7861566002017524,2.1029762268924386,3.747603005010334,2.046088780835488,3.66330961683424
syn2,RI_BM,bc,0.041999999999999996,2.7364363412794095,2.0453752188235255,3.6949333964732425,1.9882955744298387,3.6135619161247186
syn2,RI_BM,bc,0.048999999999999995,2.723088869092247,2.0178438641284666,3.707557291332836,1.949591246267588,3.6192434128944613
syn2,RI_BM,bc,0.055999999999999994,2.7532750645798316,2.0344392490468546,3.7922721072479066,1.9635176897051254,3.6914738753551997
syn2,RI_BM,bc,0.063,2.84763622346383,2.0921463677721603,4.027514419017352,1.9987899250296601,3.8889221854959635
syn2,RI_BM,bc,0.06999999999999999,2.953646844122162,2.152567622541475,4.372822602544163,2.0296478516237846,4.16173617634408
syn2,RI_BM,bc,0.07699999999999999,3.0285364112887687,2.187780928557677,4.6231412391055855,2.048133997006646,4.3556469958391535
syn2,RI_BM,bc,0.08399999999999999,3.1106007950496037,2.227414849955625,4.935430643151207,2.073487671104603,4.612884924755237
syn2,RI_BM,bc,0.091,3.1815114002012055,2.2527736703215657,5.2447111869284795,2.0962435618698056,4.849279471176479
syn2,RI_BM,bc,0.09799999999999999,3.2377120781241495,2.266574914850391,5.52946060396989,2.104760021457615,5.0970809098200975
syn2,RI_BM,bc,0.10499999999999998,3.264580485934686,2.26826947045106,5.68487052255459,2.0868024375146357,5.183497754369196
syn2,RI_BM,bc,0.11199999999999999,3.2972262858287413,2.2712122030943793,5.859226182378668,2.0786308987938886,5.319331464520726
syn2,RI_BM,bc,0.119,3.3106096728161467,2.2717322420192976,5.992087662475426,2.0699792055110415,5.392085820528824
syn2,RI_BM,bc,0.126,3.3108877319060293,2.2600953708679183,6.022215957123289,2.0421744974677827,5.423910992237225
syn2,RI_BM,bc,0.13299999999999998,3.2986966852219535,2.2409622336962434,5.941330836601921,2.0550063779025844,5.406579861532643
syn2,RI_BM,bc,0.13999999999999999,3.289860900076646,2.2286105509895364,5.969387620098991,2.0143254926544136,5.389778497793076
syn2,RI_BM,bc,0.147,3.2609571712821905,2.1923888224736134,5.861688985385558,2.0014778040959045,5.330833932717781
syn2,RI_BM,bc,0.15399999999999997,3.2207609807467596,2.1554901533383517,5.714314295261973,1.9746985042091445,5.238247983730875
syn2,RI_BM,bc,0.16099999999999998,3.1821439274127954,2.127285206852356,5.6314514799072635,1.9531327831095986,5.177103051749519
syn2,RI_BM,bc,0.16799999999999998,3.1360172405276883,2.0882144029171767,5.5168560279182,1.8774670896710515,5.027270777604357
syn2,RI_BM,bc,0.175,3.0851004276095866,2.0479623190031817,5.368921146054461,1.866048245864786,4.940758198843973
syn2,RI_BM,bc,0.182,3.058505706928839,2.0203372864807343,5.370492452480482,1.817069797616007,4.925835531385509
syn2,RI_BM,bc,0.18899999999999997,3.0358449265361847,1.9906647359846008,5.379523408144552,1.7916914828831316,4.9216159188725825
syn2,RI_BM,bc,0.19599999999999998,3.034788361394008,1.9734176307040494,5.506449138687273,1.77929611914096,5.038097067102769
syn2,RI_BM,bc,0.20299999999999999,3.0372759341161624,1.958527254574296,5.714961829763797,1.7308135852129523,5.123929482876964
syn2,RI_BM,bc,0.20999999999999996,3.036392661669989,1.940191562886234,5.8374684772394065,1.695810523897238,5.209538856125525
syn2,RI_BM,bc,0.21699999999999997,3.0163419344445987,1.912646128533755,5.853549721988902,1.6867662832984704,5.241640615993785
syn2,RI_BM,bc,0.22399999999999998,2.9858061911758957,1.8824277835808452,5.81346776962557,1.6720474699319863,5.19667471240272
syn2,RI_BM,bc,0.23099999999999998,2.9555515029401342,1.8553711687619239,5.723343138174912,1.6117959270750135,5.131675463565089
syn2,RI_BM,bc,0.238,2.9367005123407273,1.8302891136231643,5.745325528207659,1.614551363501106,5.163377351360614
syn2,RI_BM,bc,0.24499999999999997,2.9582028193583283,1.821181866840522,6.043149012998705,1.5568871439559386,5.321792677354634
syn2,RI_BM,bc,0.252,2.982686332692039,1.8188192613536434,6.4516165463710555,1.5721674265500145,5.599363899882718
syn2,RI_BM,bc,0.25899999999999995,2.9978715149203183,1.8113029775042846,6.8150723047729205,1.5329164701178726,5.827154813822544
syn2,RI_BM,bc,0.26599999999999996,3.006936980080817,1.7989381650587226,7.063895068237542,1.523366896359582,5.986344108760783
syn2,RI_BM,bc,0.27299999999999996,3.007097138899982,1.7802845212115332,7.261763782183835,1.4929063228231634,6.0878320492959554
syn2,RI_BM,bc,0.27999999999999997,2.9884042774818598,1.7596964152185126,7.268423408115494,1.459722775367194,6.10576637071529
syn2,RI_BM,bc,0.287,2.9733099241103984,1.742572244095167,7.220022597360094,1.4285965609715918,6.055747794756123
syn2,RI_BM,bc,0.294,2.948472921471068,1.7218978319897111,7.141477637918712,1.427998751716332,5.993418452231872
syn2,RI_BM,bc,0.301,2.9387700236438707,1.6999475392389956,7.161049844772319,1.423543599666421,6.008604591757172
syn2,RI_BM,bc,0.30799999999999994,2.920897916980115,1.6771160597165413,7.157508888638937,1.3792981360332732,6.009833729886905
syn2,RI_BM,bc,0.31499999999999995,2.907667745573576,1.6594239879751798,7.22644472312218,1.3657509984357248,6.064795416507035
syn2,RI_BM,bc,0.32199999999999995,2.888306075836651,1.6382216191727172,7.279398360682466,1.3635168165219302,6.0866629788056725
syn2,RI_BM,bc,0.32899999999999996,2.8605449550406146,1.6177294498767492,7.319343017203232,1.3217751792917696,6.048039212391954
syn2,RI_BM,bc,0.33599999999999997,2.8268459696188746,1.5953645287294436,7.0956489176508,1.3142226192188007,5.9520915788099815
syn2,RI_BM,bc,0.34299999999999997,2.793187681739527,1.5693462088065642,6.877232823799173,1.2769225559314055,5.793388262346353
syn2,RI_BM,bc,0.35,2.7749338149360234,1.54972758265774,6.884962488764307,1.2553208968800267,5.770053224108442
syn2,RI_BM,bc,0.357,2.7443654999169853,1.5242390058112334,6.76389859595527,1.2543328292256772,5.722589422049372
syn2,RI_BM,bc,0.364,2.712016990680941,1.5028165918620036,6.653699824818901,1.2215941097620953,5.609646653646527
syn2,RI_BM,bc,0.37099999999999994,2.675924561567301,1.476961801835309,6.4423675777394305,1.2192446669492987,5.4894970691679115
syn2,RI_BM,bc,0.37799999999999995,2.6496776508276056,1.454840940855326,6.349948036163913,1.212480948132328,5.4714891591540304
syn2,RI_BM,bc,0.38499999999999995,2.629554076618565,1.4362316717073658,6.3611916220437585,1.1395069891077005,5.402285182574921
syn2,RI_BM,bc,0.39199999999999996,2.6051032955884637,1.4107683735776189,6.372558809347565,1.1344116532085742,5.414192123262848
syn2,RI_BM,bc,0.39899999999999997,2.5793400854802764,1.3897355568939542,6.322301930938106,1.1202637724432305,5.370445481251487
syn2,RI_BM,bc,0.40599999999999997,2.550619283969264,1.3720476717336287,6.17673066092098,1.104702778479928,5.2731023925240565
syn2,RI_BM,bc,0.413,2.523700419249593,1.3533937981262822,6.021783019428149,1.0843972308202385,5.178188878528332
syn2,RI_BM,bc,0.41999999999999993,2.5009807684534984,1.3319946446645847,6.024218209443469,1.0918005324696118,5.171857170379162
syn2,RI_BM,bc,0.42699999999999994,2.4808306822274444,1.3175883473736727,5.982261153315513,1.0377318647665057,5.104957378626593
syn2,RI_BM,bc,0.43399999999999994,2.4685415592533673,1.2960079493247796,6.051553844061577,1.0218112748195054,5.13260311380278
syn2,RI_BM,bc,0.44099999999999995,2.456447194205671,1.2828663010522914,6.0938655847952665,1.0376217577020959,5.194974539386953
syn2,RI_BM,bc,0.44799999999999995,2.443521526510986,1.267469899858795,6.082170714224051,1.0415159621526384,5.227151913537896
syn2,RI_BM,bc,0.45499999999999996,2.436489505897451,1.257842966437077,6.152896629064523,1.0076510782347772,5.23680169088798
syn2,RI_BM,bc,0.46199999999999997,2.4347727129875443,1.2490326799815001,6.300555784642988,0.9746741418792971,5.281073940633099
syn2,RI_BM,bc,0.469,2.4349819517540565,1.239826329973449,6.455724412023852,0.977143214009539,5.4242466233290845
syn2,RI_BM,bc,0.476,2.4316282847595327,1.2298664746462786,6.55486480190012,0.9613723822326942,5.462024786912897
syn2,RI_BM,bc,0.48299999999999993,2.4360748803607213,1.2216822590526122,6.762905062332808,0.9438369193948044,5.588819402844542
syn2,RI_BM,bc,0.48999999999999994,2.440090748478248,1.21404493275965,7.005553800711659,0.9130534445346906,5.684316844565888
syn2,RI_BM,bc,0.49699999999999994,2.440786588652669,1.2040586186918893,7.146452394118958,0.9201040680020742,5.809891203921786
syn2,RI_BM,bc,0.504,2.44143648312032,1.1941349514743118,7.267014481205145,0.9165854375855046,5.917517475073704
syn2,RI_BM,bc,0.5109999999999999,2.4422216605214473,1.186525645849782,7.327109340824432,0.8898408261600507,5.9411114146412665
syn2,RI_BM,bc,0.5179999999999999,2.4407580827578954,1.1812290062316433,7.418940859921945,0.8774171372635265,5.983578849949841
syn2,RI_BM,bc,0.5249999999999999,2.4453532646537806,1.1736146991050498,7.616898863970227,0.8725039907780449,6.1304104589661845
syn2,RI_BM,bc,0.5319999999999999,2.4485852038655915,1.1636767422403353,7.8261222942021496,0.874591128082924,6.220375209341905
syn2,RI_BM,bc,0.5389999999999999,2.4514675868001694,1.1604800968726683,7.965883445113343,0.8561474684185452,6.327459535909025
syn2,RI_BM,bc,0.5459999999999999,2.4451715107028003,1.1558114395430668,8.07955314726541,0.8403355264130561,6.357746566441772
syn2,RI_BM,bc,0.5529999999999999,2.441285227929754,1.1444607113213343,8.029365529570137,0.8296478380076316,6.348129081615821
syn2,RI_BM,bc,0.5599999999999999,2.4325336132888125,1.1403446902804546,7.978093161149848,0.8196769032553052,6.326001921464282
syn2,RI_BM,bc,0.567,2.427917883646733,1.1303458520304825,7.897919828436056,0.8033913208369147,6.273689112525533
syn2,RI_BM,bc,0.574,2.425632915880465,1.1193814043269972,8.014095818347439,0.7999541730643476,6.350811378923337
syn2,RI_BM,bc,0.581,2.4267177699000664,1.1145920750430847,8.097047993643326,0.7913012760659932,6.41197340666425
syn2,RI_BM,bc,0.588,2.4267777838023026,1.1085501117271799,8.134592879819817,0.7950629142156698,6.477525737208977
syn2,RI_BM,bc,0.595,2.424065085968162,1.1016534142996781,8.165818131123327,0.7818581746098413,6.485593847178148
syn2,RI_BM,bc,0.602,2.4164948573403002,1.0923376060730254,8.095059148681194,0.7665762498412894,6.441527165259765
syn2,RI_BM,bc,0.609,2.413101122946987,1.085417987925794,7.993089829263314,0.7830776142100093,6.400709902310941
syn2,RI_BM,bc,0.6159999999999999,2.404210192281833,1.0776064240431178,7.764363940693114,0.7665839666806652,6.300716107497959
syn2,RI_BM,bc,0.6229999999999999,2.396439626836492,1.0731936288751631,7.727533432211124,0.7646543629123506,6.275174058849411
syn2,RI_BM,bc,0.6299999999999999,2.404588705850129,1.0698819155149357,8.093871668147576,0.7642896415243837,6.4753917381039425
syn2,RI_BM,bc,0.6369999999999999,2.4117789383738213,1.0663891565938521,8.40588134052907,0.75580389418714,6.649168920789061
syn2,RI_BM,bc,0.6439999999999999,2.41900028417099,1.063217189163788,8.705798235743615,0.7222065382859263,6.749882620689368
syn2,RI_BM,bc,0.6509999999999999,2.4200908233053036,1.0588766129531828,8.836217137657256,0.7389097061570099,6.861814554378592
syn2,RI_BM,bc,0.6579999999999999,2.4190385340276084,1.055458496615203,8.938331483412824,0.7111170051115011,6.95273127251212
syn2,RI_BM,bc,0.6649999999999999,2.4177909788206047,1.0529417208327834,8.997386133342298,0.7102756633717751,6.968634241268279
syn2,RI_BM,bc,0.6719999999999999,2.4145746248785196,1.0445346905488595,9.245763576475005,0.6996922320114777,7.137649465527449
syn2,RI_BM,bc,0.6789999999999999,2.4229992916977374,1.0409921746599753,9.762740891070123,0.6945834046087774,7.386002803898207
syn2,RI_BM,bc,0.6859999999999999,2.4249760195597685,1.0401342640961648,10.332394293701386,0.6629495156436324,7.555222222497576
syn2,RI_BM,bc,0.693,2.4270394072943766,1.0338647080407186,10.657456412708905,0.6829730644870956,7.776228666388004
syn2,RI_BM,bc,0.7,2.4277810092670293,1.0288492052494103,11.297614182332584,0.6643109719610636,8.036115369109131
syn2,RI_BM,sc,0.006999999999999999,2.7796536871510877,2.063589511773817,3.9510536398405742,1.9877823906103589,3.8190940062338363
syn2,RI_BM,sc,0.013999999999999999,2.692719241985292,2.0238899650783453,3.7073295262629156,1.9577143537741961,3.598271963756534
syn2,RI_BM,sc,0.020999999999999998,2.608346450358664,1.9654735324578523,3.5426247768364005,1.9074687878327077,3.453775138990198
syn2,RI_BM,sc,0.027999999999999997,2.580161911312204,1.9456266754982738,3.539597655978386,1.8758853104050084,3.433741777475313
syn2,RI_BM,sc,0.034999999999999996,2.5181621607183473,1.8768789674571595,3.4487202905449954,1.8153753609768217,3.3564790171432644
syn2,RI_BM,sc,0.041999999999999996,2.4366682272290707,1.8101261297954585,3.3149088902299457,1.7752443687771453,3.2547759546035615
syn2,RI_BM,sc,0.048999999999999995,2.407711771922885,1.7636270797002271,3.2874764850295213,1.7174293649348145,3.2214866480186237
syn2,RI_BM,sc,0.055999999999999994,2.4265665128347216,1.7700285741460242,3.3611240310990023,1.7174674990185639,3.287496784428694
syn2,RI_BM,sc,0.063,2.5349940118569005,1.8414544840982763,3.6753241024254124,1.753010556707732,3.525681229461088
syn2,RI_BM,sc,0.06999999999999999,2.6542232494918823,1.9096377949756913,4.12645409084191,1.7853145054621096,3.868894455494265
syn2,RI_BM,sc,0.07699999999999999,2.7376731298607613,1.958428613179304,4.524196505891285,1.8186659358437116,4.160575944131162
syn2,RI_BM,sc,0.08399999999999999,2.8298297623197506,1.9902419454241773,4.9342313003864975,1.8156046551959815,4.480761330302516
syn2,RI_BM,sc,0.091,2.8831259530958295,2.0083023313393835,5.269881197967639,1.8111499308361974,4.7324769063759025
syn2,RI_BM,sc,0.09799999999999999,2.9323075791023268,2.0156834548132756,5.622082697246274,1.786099944266577,4.944196369802217
syn2,RI_BM,sc,0.10499999999999998,2.9542330981458345,2.0158254904548296,5.690779950303603,1.8199997826606642,5.044392221843175
syn2,RI_BM,sc,0.11199999999999999,2.9596693737605726,2.007072455375758,5.943560138540948,1.7803517530113075,5.171836714364642
syn2,RI_BM,sc,0.119,2.9461789013308524,1.994708444981517,5.95581827185701,1.769589447012188,5.171450398284159
syn2,RI_BM,sc,0.126,2.919143721858859,1.9680914177889686,5.828996635058444,1.7352590300131112,5.084502208433775
syn2,RI_BM,sc,0.13299999999999998,2.8719557220123573,1.94200360444027,5.650702128736793,1.7542873259885576,4.974736635505493
syn2,RI_BM,sc,0.13999999999999999,2.8274209996645814,1.915785879454031,5.53814121411174,1.7138448491990563,4.876481691576521
syn2,RI_BM,sc,0.147,2.752807073910869,1.8706512356309712,5.15386546204534,1.673251331773587,4.594362739767714
syn2,RI_BM,sc,0.15399999999999997,2.6838451200446434,1.8309649979801255,4.878493472347915,1.631244205001697,4.367227348548141
syn2,RI_BM,sc,0.16099999999999998,2.600546092895936,1.77151596672408,4.6651147824250705,1.602082988942474,4.206915650362171
syn2,RI_BM,sc,0.16799999999999998,2.519860169382747,1.7194130874906919,4.336924312096206,1.5724123236218053,3.9692067516974885
syn2,RI_BM,sc,0.175,2.445373359164962,1.6743541190154394,4.0938004023560755,1.543195974770959,3.79548357975357
syn2,RI_BM,sc,0.182,2.3954989199317613,1.6339709798663455,4.007833209674053,1.4972223973595509,3.7010626979024135
syn2,RI_BM,sc,0.18899999999999997,2.3484853649095925,1.5967975511834094,3.9282688947200164,1.4741638007094355,3.635611190944028
syn2,RI_BM,sc,0.19599999999999998,2.3186241533616476,1.5690566346146466,3.9903740853591443,1.4452555286536442,3.66790913768335
syn2,RI_BM,sc,0.20299999999999999,2.2935150910728455,1.5424482135802342,4.05990296810938,1.3902062301431701,3.680584290579519
syn2,RI_BM,sc,0.20999999999999996,2.2648793916497834,1.523651775470175,4.018263693361494,1.3727834336822393,3.6344083275405072
syn2,RI_BM,sc,0.21699999999999997,2.2274631985433224,1.4969691555156914,3.971435402139007,1.3372504485776324,3.568705001929557
syn2,RI_BM,sc,0.22399999999999998,2.1737416495952386,1.4621533519510082,3.7653030937033587,1.3134454389414585,3.427083728395827
syn2,RI_BM,sc,0.23099999999999998,2.116676521255034,1.4222929444001666,3.569505767102434,1.2957263958150074,3.287109185888178
syn2,RI_BM,sc,0.238,2.0807708651390664,1.3911353942774312,3.4799140541903166,1.274412250913493,3.232614108380352
syn2,RI_BM,sc,0.24499999999999997,2.072909426305401,1.3785941068436953,3.5897942202329034,1.2639424176249656,3.2969346547337084
syn2,RI_BM,sc,0.252,2.0675175065715834,1.3643144854247622,3.7063452171548974,1.2372551696344498,3.3510629730699755
syn2,RI_BM,sc,0.25899999999999995,2.0527104756927934,1.349028286525062,3.7553725356227483,1.2120845168775904,3.3736195026427347
syn2,RI_BM,sc,0.26599999999999996,2.0270312837661955,1.324663992331769,3.7411052187601523,1.1948269855852471,3.35100460750035
syn2,RI_BM,sc,0.27299999999999996,2.0019053300884506,1.3031786090185329,3.739515254350979,1.1726787716188098,3.334008484905079
syn2,RI_BM,sc,0.27999999999999997,1.9676536864406482,1.2813086292216296,3.6738252002355005,1.1344637661702204,3.2728809049459913
syn2,RI_BM,sc,0.287,1.9404560335648644,1.2565233767726116,3.565049028300173,1.1306570607228064,3.2089923573354633
syn2,RI_BM,sc,0.294,1.8998608049459842,1.2296843604983718,3.449342281302204,1.084441167167431,3.101231818534587
syn2,RI_BM,sc,0.301,1.8687989180546292,1.206431030609458,3.401844025105327,1.079295145149821,3.0715565443333355
syn2,RI_BM,sc,0.30799999999999994,1.834956382126045,1.1878760002003461,3.298363047858423,1.0516174561849374,2.984923928248806
syn2,RI_BM,sc,0.31499999999999995,1.8082120600839566,1.1651956908385375,3.2602614263727134,1.047108424423991,2.9568317570356224
syn2,RI_BM,sc,0.32199999999999995,1.7748184840225378,1.143505953166943,3.1806106651426904,1.0155507602663947,2.885634249093601
syn2,RI_BM,sc,0.32899999999999996,1.740853813758034,1.1230856521725932,3.0850901759320375,0.9951618031449264,2.798136044535921
syn2,RI_BM,sc,0.33599999999999997,1.7069999082082763,1.0979624412284745,2.9970396836646263,0.9907691393383052,2.7403894981206514
syn2,RI_BM,sc,0.34299999999999997,1.668900893254479,1.0730795540424718,2.873429465313908,0.9736663384572672,2.656114926580552
syn2,RI_BM,sc,0.35,1.6360654883500847,1.047417078339904,2.8114701549388754,0.9542559037153097,2.6011395500860535
syn2,RI_BM,sc,0.357,1.6022877337597214,1.0213299143861616,2.7340680858632735,0.9181767750262738,2.5314952297675513
syn2,RI_BM,sc,0.364,1.5681723374364154,0.996616068282354,2.655685311297058,0.9071040264533411,2.472108997168906
syn2,RI_BM,sc,0.37099999999999994,1.5327516203815015,0.9745556235462017,2.561844320742622,0.8851707423190647,2.3952879018861744
syn2,RI_BM,sc,0.37799999999999995,1.5034378077742225,0.9519105786038051,2.520944411767796,0.8835881536982232,2.3671680169571236
syn2,RI_BM,sc,0.38499999999999995,1.4756835114592377,0.9351045084957077,2.475629951635754,0.8491859543296354,2.3153918811277365
syn2,RI_BM,sc,0.39199999999999996,1.4504916619053496,0.9154143476044965,2.4332232548341923,0.8388919536719057,2.2926057765327164
syn2,RI_BM,sc,0.39899999999999997,1.426025656309425,0.8969745901093499,2.387940943464769,0.8246564994183907,2.2472000715024447
syn2,RI_BM,sc,0.40599999999999997,1.4005248830875732,0.8751590058034437,2.3366568308177844,0.8081073159358035,2.2072425846838493
syn2,RI_BM,sc,0.413,1.3714132971161304,0.8534783050604251,2.28325338585335,0.7695862288929914,2.1481044795793656
syn2,RI_BM,sc,0.41999999999999993,1.3467442405301435,0.8361060636494201,2.245220224372278,0.767769086072236,2.1209179675470105
syn2,RI_BM,sc,0.42699999999999994,1.328102984546302,0.821879099057242,2.219736312919885,0.7533840905684538,2.093433571725609
syn2,RI_BM,sc,0.43399999999999994,1.3130199733631258,0.8002867914180198,2.200235951939916,0.7323031216294015,2.072808787358061
syn2,RI_BM,sc,0.44099999999999995,1.296385225550535,0.7861856242162187,2.1755414563499307,0.7316053579198811,2.0664683879921064
syn2,RI_BM,sc,0.44799999999999995,1.2763879021669784,0.7730846438054708,2.1542013210898885,0.7117543933165088,2.0382903262649776
syn2,RI_BM,sc,0.45499999999999996,1.2632529996716482,0.7596143215181372,2.1407166236083404,0.6851727367530345,2.005053538812626
syn2,RI_BM,sc,0.46199999999999997,1.24987863983305,0.7508758253176427,2.124347328510224,0.6837175044141266,1.999891792192598
syn2,RI_BM,sc,0.469,1.2372787237872813,0.7389319484143895,2.114319335117195,0.6738404646212701,1.9934849375628285
syn2,RI_BM,sc,0.476,1.2268141513846267,0.7286402990676443,2.1090565644532906,0.6618812634824416,1.9841354768497523
syn2,RI_BM,sc,0.48299999999999993,1.21800787426716,0.7163273301758367,2.1043570452323133,0.6521770864794602,1.9850733659824122
syn2,RI_BM,sc,0.48999999999999994,1.2097862604905134,0.7085528444186032,2.1033780727259237,0.6387071006451704,1.9669313879250623
syn2,RI_BM,sc,0.49699999999999994,1.2007005528110126,0.6984978847124599,2.100017325569469,0.6230519941451281,1.9581193839998612
syn2,RI_BM,sc,0.504,1.1919651262254662,0.6929133654509363,2.0907997866056025,0.6218012604894121,1.9484797917221113
syn2,RI_BM,sc,0.5109999999999999,1.183677094351085,0.6869961759186501,2.0807187738442274,0.6124699522089673,1.9436194169661127
syn2,RI_BM,sc,0.5179999999999999,1.1743335745975616,0.6746717899272469,2.075322189394745,0.6093959600298414,1.9368480377765018
syn2,RI_BM,sc,0.5249999999999999,1.167333178966374,0.6672491199066528,2.0725478696412636,0.5978809725904507,1.934828007051828
syn2,RI_BM,sc,0.5319999999999999,1.1601139792771584,0.6616271865716606,2.066962604035331,0.5838161658643308,1.924141149494193
syn2,RI_BM,sc,0.5389999999999999,1.1519735159225666,0.6526628744717932,2.065892853534249,0.5793557113998481,1.9204579484391955
syn2,RI_BM,sc,0.5459999999999999,1.1450506088854793,0.6456058837126686,2.0663952945304023,0.569015305293862,1.9196509150481273
syn2,RI_BM,sc,0.5529999999999999,1.137321189790368,0.641074128635693,2.0563288153076202,0.5693207349636296,1.9185299314046043
syn2,RI_BM,sc,0.5599999999999999,1.1299192498103823,0.6320856088707171,2.052834942399201,0.5560635858684416,1.9107752440321815
syn2,RI_BM,sc,0.567,1.123287977640258,0.6254684166237711,2.0449497185297814,0.53761730264093,1.88702307577434
syn2,RI_BM,sc,0.574,1.117185020135457,0.6199335843094838,2.039812030604705,0.5383068938610105,1.8907005166550621
syn2,RI_BM,sc,0.581,1.1107104531595544,0.6169413088007328,2.0393749740989224,0.5569079181313431,1.9103815037929224
syn2,RI_BM,sc,0.588,1.1058927260666445,0.607905051752159,2.036384931408608,0.5308704931608382,1.885744357864372
syn2,RI_BM,sc,0.595,1.101784351802126,0.6043038459330584,2.0363324669013547,0.5344207449659907,1.8935242118098827
syn2,RI_BM,sc,0.602,1.0958180177287136,0.6009580022679721,2.0365479912924176,0.5177709354522276,1.877048984606282
syn2,RI_BM,sc,0.609,1.0923766329990063,0.5970021288361171,2.041547167095528,0.5204809578495582,1.883081245374136
syn2,RI_BM,sc,0.6159999999999999,1.0884722255253707,0.5935041006558869,2.0376936419133216,0.5191309227585854,1.8819997047421695
syn2,RI_BM,sc,0.6229999999999999,1.0833868624738794,0.5889226918556468,2.0427645416207114,0.5088189518140752,1.8713489247525186
syn2,RI_BM,sc,0.6299999999999999,1.0843651248747623,0.5845142445827175,2.0566315427046646,0.5009214476245416,1.8777303665417169
syn2,RI_BM,sc,0.6369999999999999,1.0824795349421628,0.5830055415602573,2.0616383014483968,0.49650352816592325,1.8840003423568694
syn2,RI_BM,sc,0.6439999999999999,1.0811693861213652,0.5779314731658665,2.078131711695792,0.4920929948104212,1.8959425954464828
syn2,RI_BM,sc,0.6509999999999999,1.0795282188338469,0.5759027085559347,2.0900710878034805,0.48127191786001133,1.8923350519467608
syn2,RI_BM,sc,0.6579999999999999,1.0772473438632186,0.5748244323678806,2.101802914646252,0.4752651846485674,1.8978607481176621
syn2,RI_BM,sc,0.6649999999999999,1.076598278334092,0.5707762805844246,2.10634117297474,0.47288625307612514,1.9042617569732445
syn2,RI_BM,sc,0.6719999999999999,1.0753216503520113,0.5696646111287808,2.119002126819198,0.4724615657403701,1.908082094323856
syn2,RI_BM,sc,0.6789999999999999,1.0769635150114816,0.5681941935771868,2.140149573997083,0.4855086424954502,1.9391024106881485
syn2,RI_BM,sc,0.6859999999999999,1.0774148722416632,0.5698261929969108,2.167911343970235,0.47554916986761836,1.9405162979690764
syn2,RI_BM,sc,0.693,1.077466936128101,0.5703587908206192,2.188033506318813,0.4792466396459973,1.9576076495804524
syn2,RI_BM,sc,0.7,1.0781514531154408,0.5708145967758035,2.207285197525702,0.48469134197445657,1.9807090049916294
syn2,RI_SE,bc,0.006999999999999999,2.9604982945582625,2.247972258562058,3.972503167216749,2.1851562025769384,3.8844937835272506
syn2,RI_SE,bc,0.013999999999999999,2.9696715982582074,2.285919720571305,3.9373878547741894,2.232939847629909,3.8590505374265422
syn2,RI_SE,bc,0.020999999999999998,2.980432760790743,2.317414367768498,3.9160193412309185,2.256495441692777,3.826049031899532
syn2,RI_SE,bc,0.027999999999999997,2.9903170451904884,2.3453375961033074,3.9083513795544,2.277555776256476,3.8083430572321473
syn2,RI_SE,bc,0.034999999999999996,3.0011908761565125,2.369320493201944,3.9059120856798173,2.2980921357848847,3.8104889732275042
syn2,RI_SE,bc,0.041999999999999996,3.0136157176094596,2.3893771571500415,3.925310069603614,2.3379041004268863,3.845727202514813
syn2,RI_SE,bc,0.048999999999999995,3.0255816049865176,2.402090189654509,3.9547054553517147,2.3394599296068166,3.8543813587002536
syn2,RI_SE,bc,0.055999999999999994,3.0388836790763154,2.4087779538928893,3.9938836820782453,2.3392710778219965,3.879490925475373
syn2,RI_SE,bc,0.063,3.051738686274979,2.4133188380165946,4.042848203317098,2.3450228312597807,3.9287337136993927
syn2,RI_SE,bc,0.06999999999999999,3.06524998679534,2.4131439340615297,4.0993853500967115,2.3494633784501358,3.9893148927016644
syn2,RI_SE,bc,0.07699999999999999,3.078866816344067,2.407488084330346,4.163989150358769,2.3384616700472307,4.042875794146053
syn2,RI_SE,bc,0.08399999999999999,3.09315610375532,2.399999397306143,4.239270296614029,2.3142919759027025,4.093670245383596
syn2,RI_SE,bc,0.091,3.107694355570654,2.390864487783339,4.322977296373722,2.3018081422245245,4.160789808432536
syn2,RI_SE,bc,0.09799999999999999,3.122496533201799,2.3791705457319474,4.415732078780056,2.2655676156236035,4.211766005656844
syn2,RI_SE,bc,0.10499999999999998,3.1365287738439305,2.3657561934272744,4.502947528414131,2.2588533699185684,4.297651997187885
syn2,RI_SE,bc,0.11199999999999999,3.149799609759592,2.351111794260631,4.598275270212568,2.228443853057008,4.3677653529141
syn2,RI_SE,bc,0.119,3.1615595229479654,2.3359452586421994,4.696370900183126,2.2092185317652295,4.450698243994183
syn2,RI_SE,bc,0.126,3.174011588538262,2.3201187848539706,4.797342587610877,2.183838168612564,4.53228844796482
syn2,RI_SE,bc,0.13299999999999998,3.184706774188615,2.302423108880698,4.905368962641819,2.160001524793595,4.619021456908538
syn2,RI_SE,bc,0.13999999999999999,3.1943165796054043,2.284545391205271,5.0101475900941415,2.171188540370578,4.739610443905404
syn2,RI_SE,bc,0.147,3.204118303105778,2.266413744030657,5.122389206365879,2.086057392451465,4.765104374114369
syn2,RI_SE,bc,0.15399999999999997,3.211912469226607,2.2461383252823253,5.233146753618862,2.0636235803982905,4.853901006660425
syn2,RI_SE,bc,0.16099999999999998,3.2171010693781583,2.22674930567931,5.341679091396002,2.0647793653388633,4.966577085241476
syn2,RI_SE,bc,0.16799999999999998,3.2222207232369966,2.2047953780010414,5.461142960729829,2.0156580012084193,5.033101808618238
syn2,RI_SE,bc,0.175,3.2267623280354467,2.1824736174033488,5.5749523424479195,1.9946342366737666,5.125102511930807
syn2,RI_SE,bc,0.182,3.2303263735472783,2.1605877240854348,5.687730892498188,1.9621398774568917,5.202593164292202
syn2,RI_SE,bc,0.18899999999999997,3.230893921313646,2.1358240541807114,5.813451272407287,1.9294907493180973,5.278689794583522
syn2,RI_SE,bc,0.19599999999999998,3.230233507203179,2.111653822742902,5.929888627301421,1.8942788787944431,5.3578893809990795
syn2,RI_SE,bc,0.20299999999999999,3.228136508729895,2.085917328373297,6.051016732361729,1.8644973307109436,5.443983214355781
syn2,RI_SE,bc,0.20999999999999996,3.2244065156693194,2.059843820172006,6.167165869392455,1.8580808548497536,5.558017554128432
syn2,RI_SE,bc,0.21699999999999997,3.2203161230390815,2.035097591237275,6.285633844982933,1.790794795206118,5.609957947773657
syn2,RI_SE,bc,0.22399999999999998,3.213226540837204,2.007692662439528,6.408942127109057,1.7693842542659335,5.706280727542746
syn2,RI_SE,bc,0.23099999999999998,3.2055568524999116,1.9794948337266465,6.525911928819054,1.7257001000104661,5.777237619172249
syn2,RI_SE,bc,0.238,3.1947627911193015,1.9516581404051092,6.647950711328267,1.7150790939229084,5.885590942501675
syn2,RI_SE,bc,0.24499999999999997,3.183419475462058,1.9221594054120443,6.759012749550189,1.668114357628991,5.957373212641881
syn2,RI_SE,bc,0.252,3.1711444236416964,1.8929767471340657,6.876248492865958,1.65297226138016,6.063121073231525
syn2,RI_SE,bc,0.25899999999999995,3.156898940835718,1.8635639454602044,7.002286416830288,1.6124232356324488,6.144924398878067
syn2,RI_SE,bc,0.26599999999999996,3.1405106386805777,1.8325507682689104,7.13015471943982,1.5627770751180248,6.20206763459693
syn2,RI_SE,bc,0.27299999999999996,3.123537002846661,1.801835977282954,7.2463867967319935,1.5153713557659696,6.2578860804466165
syn2,RI_SE,bc,0.27999999999999997,3.1048698441774523,1.7715406164592764,7.358817710005015,1.4855311031731053,6.322157728076075
syn2,RI_SE,bc,0.287,3.0874095279569387,1.7397963418164482,7.4781982261191455,1.4501910777360056,6.382427809780684
syn2,RI_SE,bc,0.294,3.068769163881991,1.7089229051867392,7.584461325052554,1.4194574588739204,6.456744585041754
syn2,RI_SE,bc,0.301,3.0508813832062636,1.6775268351190813,7.682585207467167,1.380169473712449,6.5077420496593525
syn2,RI_SE,bc,0.30799999999999994,3.031842690293967,1.6458101326234627,7.774748557103935,1.3321870807813356,6.56000836386042
syn2,RI_SE,bc,0.31499999999999995,3.010729165719882,1.6136882589705397,7.860731677365635,1.3035617413784062,6.625004460721728
syn2,RI_SE,bc,0.32199999999999995,2.9903789406464014,1.5820978341415661,7.961549039360539,1.2810642207895355,6.6873624680992805
syn2,RI_SE,bc,0.32899999999999996,2.9680190464725733,1.549728133872553,8.052913544814109,1.2234640488796051,6.7268225198625995
syn2,RI_SE,bc,0.33599999999999997,2.9463214969526685,1.5206027510417413,8.154940220864273,1.1815424274456314,6.764626984563905
syn2,RI_SE,bc,0.34299999999999997,2.924594166171559,1.4893557347512143,8.248734670232873,1.1472057215568796,6.810389656196391
syn2,RI_SE,bc,0.35,2.901322015040732,1.4600431674181666,8.330502193583872,1.1126020021746474,6.859527635963032
syn2,RI_SE,bc,0.357,2.879607694980616,1.4301198139505933,8.422808896861222,1.106277904052011,6.92896667298407
syn2,RI_SE,bc,0.364,2.85770306350888,1.4003059881417799,8.50122967784932,1.0575840225328705,6.959444881603707
syn2,RI_SE,bc,0.37099999999999994,2.8365171907161626,1.3718882809003883,8.575778461097796,1.0343716683592696,7.001985846064215
syn2,RI_SE,bc,0.37799999999999995,2.814722523448932,1.3440498153226328,8.647095801163413,1.0232333468465478,7.057355804192773
syn2,RI_SE,bc,0.38499999999999995,2.7934492528569175,1.3162924583305942,8.714794427407613,0.9656927144587103,7.063765376966692
syn2,RI_SE,bc,0.39199999999999996,2.7726234539311356,1.289261289593332,8.792156694073311,0.954547731220809,7.113199212355889
syn2,RI_SE,bc,0.39899999999999997,2.753019887368222,1.2635056734937593,8.84579255682668,0.9300872308854143,7.148772834100981
syn2,RI_SE,bc,0.40599999999999997,2.73346044765965,1.2375256167085982,8.896195542573478,0.9285361128563757,7.206292644575872
syn2,RI_SE,bc,0.413,2.7148450816361107,1.2132543961461486,8.959946719558014,0.8638363342815719,7.209377027979286
syn2,RI_SE,bc,0.41999999999999993,2.6960300384637943,1.1887666320507408,9.007457196871796,0.8536758944080756,7.247869227435472
syn2,RI_SE,bc,0.42699999999999994,2.6763558243744967,1.1660969706696342,9.04981792322792,0.8333319891622055,7.274516633401676
syn2,RI_SE,bc,0.43399999999999994,2.6588523361021874,1.1433435476374978,9.091567469294157,0.8044651626117689,7.285283999777781
syn2,RI_SE,bc,0.44099999999999995,2.6414332776223506,1.1205507887335064,9.1375046074588,0.7687714251417774,7.282631763927855
syn2,RI_SE,bc,0.44799999999999995,2.625840911326749,1.10024826326035,9.180074285565343,0.7444365680746189,7.295478320632304
syn2,RI_SE,bc,0.45499999999999996,2.612059735488955,1.0810605391887431,9.22912643371508,0.6909541339342468,7.277573407646468
syn2,RI_SE,bc,0.46199999999999997,2.5994363714800826,1.0616048954172996,9.26831310328173,0.6678311768697254,7.305927203066234
syn2,RI_SE,bc,0.469,2.5868479250820346,1.0448858345175167,9.309039321201206,0.6553593720642821,7.33982600673376
syn2,RI_SE,bc,0.476,2.574616162562683,1.0285624971624907,9.353589255814649,0.6574555679444808,7.381464233255838
syn2,RI_SE,bc,0.48299999999999993,2.5627543369401833,1.0105005550636932,9.388739078937181,0.6492105062956985,7.408163431335292
syn2,RI_SE,bc,0.48999999999999994,2.552369888884882,0.9934934956719992,9.445725797541257,0.635891649725478,7.445617647928621
syn2,RI_SE,bc,0.49699999999999994,2.5442380057557963,0.9786307153649085,9.481226539854568,0.6071480645823789,7.447609155381591
syn2,RI_SE,bc,0.504,2.5348772662341643,0.9643993491252032,9.541846373236076,0.6002353333453513,7.480167604929966
syn2,RI_SE,bc,0.5109999999999999,2.527362143024587,0.9511493845405752,9.568469662079629,0.5971801787225566,7.50086554925093
syn2,RI_SE,bc,0.5179999999999999,2.520909672015682,0.9387385020992544,9.602783943400759,0.5913500272529442,7.547074931518456
syn2,RI_SE,bc,0.5249999999999999,2.5154943128879186,0.9260788281730171,9.665063589536352,0.580815649466233,7.580936591347776
syn2,RI_SE,bc,0.5319999999999999,2.5099458729668007,0.914590326384186,9.740905621344254,0.5481638530829792,7.606201871447492
syn2,RI_SE,bc,0.5389999999999999,2.5071173787402263,0.9015981103099329,9.799551279848613,0.5550130560659409,7.661050835322611
syn2,RI_SE,bc,0.5459999999999999,2.505098141442816,0.8902111959465708,9.857386755230236,0.5232135387527346,7.693238574970553
syn2,RI_SE,bc,0.5529999999999999,2.505651661032923,0.880203576663803,9.939814592438292,0.5118979576501737,7.771656676796496
syn2,RI_SE,bc,0.5599999999999999,2.5064293121328696,0.8711335147999206,10.030230019146375,0.5192120828497475,7.865527196314434
syn2,RI_SE,bc,0.567,2.5084311862451085,0.8618913731668195,10.111723531993386,0.48738993063097397,7.905809795640855
syn2,RI_SE,bc,0.574,2.5102386243261603,0.8516272862174591,10.219263433761808,0.47236565165944727,7.989397646638619
syn2,RI_SE,bc,0.581,2.51416546364464,0.8424456503981141,10.344147280802382,0.47066408392924064,8.08728295845206
syn2,RI_SE,bc,0.588,2.5194373693153382,0.832748131346941,10.488066771010747,0.45467421939735353,8.176883599332111
syn2,RI_SE,bc,0.595,2.525751705998842,0.8241387570942811,10.646479896259946,0.44952039896964746,8.289884954657351
syn2,RI_SE,bc,0.602,2.532671855104348,0.8152788657891111,10.834185645076587,0.4406711685250894,8.40768012133969
syn2,RI_SE,bc,0.609,2.5435937370288304,0.8078199835715618,11.050353090810432,0.4389563429321243,8.556598474906943
syn2,RI_SE,bc,0.6159999999999999,2.554022842084679,0.8002564904601006,11.301872853958137,0.4270110753859961,8.712106254633838
syn2,RI_SE,bc,0.6229999999999999,2.5683607565919497,0.7929607863474462,11.614020892899672,0.42803604764687997,8.911036081760406
syn2,RI_SE,bc,0.6299999999999999,2.583411158126923,0.7869093707408188,11.903887306877921,0.4135597693820119,9.100980740971718
syn2,RI_SE,bc,0.6369999999999999,2.59863593922391,0.7812779030592565,12.32735278194159,0.40770117397685507,9.35859340205018
syn2,RI_SE,bc,0.6439999999999999,2.615890720797342,0.7752486191257076,12.749640658237736,0.4029658053391024,9.653427259058347
syn2,RI_SE,bc,0.6509999999999999,2.6337747028724294,0.7701947241154831,13.28999239270214,0.3946261072062668,10.006958723677302
syn2,RI_SE,bc,0.6579999999999999,2.6540753750292203,0.7640963934499367,13.965979418032992,0.39607633695973965,10.430740377218264
syn2,RI_SE,bc,0.6649999999999999,2.6733626381631286,0.760029881412558,14.849694729875125,0.38298847385048745,10.921357068930337
syn2,RI_SE,bc,0.6719999999999999,2.6957719324241127,0.7575190410990216,15.935729432242482,0.3794282688251234,11.509774347638864
syn2,RI_SE,bc,0.6789999999999999,2.7184176558828534,0.7547402541410153,17.347887446078296,0.37724343823005035,12.23737840142638
syn2,RI_SE,bc,0.6859999999999999,2.742364362931659,0.7520043485450105,19.289529314797402,0.379894673144554,13.17235149737076
syn2,RI_SE,bc,0.693,2.769368986123139,0.7488101134857208,22.19036966401841,0.3576132561374755,14.333334503346117
syn2,RI_SE,bc,0.7,2.8004939211225355,0.7447493266366555,26.335285886359102,0.34772244874125907,15.678998496710845
syn2,RI_SE,sc,0.006999999999999999,2.0196311992926033,1.5589969852938608,3.4158749433501634,1.4665626111614218,3.168905627989738
syn2,RI_SE,sc,0.013999999999999999,2.100119668318671,1.684632462129724,3.07683118812502,1.622695692250684,2.9406066563940505
syn2,RI_SE,sc,0.020999999999999998,2.172920021888984,1.7959380590799936,2.8945649600454786,1.747519172851545,2.8106606003342787
syn2,RI_SE,sc,0.027999999999999997,2.23125055079821,1.883996486621096,2.853368899607891,1.8364611694007962,2.7752492790890417
syn2,RI_SE,sc,0.034999999999999996,2.2914265228132935,1.935377400084166,2.8860825224610016,1.890088129521749,2.8154851227345077
syn2,RI_SE,sc,0.041999999999999996,2.352480027208117,1.93844481550266,2.968251310707585,1.892894779800729,2.888784001196046
syn2,RI_SE,sc,0.048999999999999995,2.410845187525709,1.9199724811061916,3.0991031893924266,1.8641566959758582,3.0026313410414662
syn2,RI_SE,sc,0.055999999999999994,2.4656268166488364,1.8985461770181282,3.2500934966701984,1.832229347167732,3.1468988709833408
syn2,RI_SE,sc,0.063,2.509597452266568,1.8790606018842615,3.4029733408141754,1.8217996005388102,3.3063591618756476
syn2,RI_SE,sc,0.06999999999999999,2.551420615331974,1.871021273595276,3.573427746866105,1.7950888540988406,3.4503443121030153
syn2,RI_SE,sc,0.07699999999999999,2.588105062117053,1.8672888593241606,3.7351924518797763,1.7915402879131903,3.6029574197163887
syn2,RI_SE,sc,0.08399999999999999,2.622352964703481,1.87070692978964,3.888363920858307,1.7768869596879688,3.727529127075705
syn2,RI_SE,sc,0.091,2.6546939248539094,1.8794422906942045,4.02463178605742,1.761770663176841,3.8276288057298924
syn2,RI_SE,sc,0.09799999999999999,2.688268917139723,1.8929998127221772,4.154887826003213,1.7718774219528988,3.9403340172399384
syn2,RI_SE,sc,0.10499999999999998,2.717567026914918,1.9045259083843746,4.257351938084696,1.786567563629865,4.032310217244706
syn2,RI_SE,sc,0.11199999999999999,2.748691112504204,1.918944822841043,4.345667710515594,1.7945941198458155,4.106276126183921
syn2,RI_SE,sc,0.119,2.77790422459504,1.9287642719775058,4.418092043842707,1.800261506301743,4.165037038919493
syn2,RI_SE,sc,0.126,2.805937325680869,1.94212230532968,4.479359324514399,1.8233631521512041,4.239507542787216
syn2,RI_SE,sc,0.13299999999999998,2.8334298897763297,1.9517812224046769,4.534494189813979,1.8328342965021405,4.294233406724887
syn2,RI_SE,sc,0.13999999999999999,2.8597570802033383,1.9589027284364384,4.601604488521938,1.8204047738477998,4.329211246146631
syn2,RI_SE,sc,0.147,2.8830319150458745,1.9624822175093986,4.666360102485092,1.8362736199940168,4.400236969695307
syn2,RI_SE,sc,0.15399999999999997,2.903591938239132,1.962671915009713,4.736968920371823,1.8353232980446783,4.447141501598987
syn2,RI_SE,sc,0.16099999999999998,2.9182647223590115,1.9592375281762204,4.798200196997358,1.8314859413962274,4.50121258957027
syn2,RI_SE,sc,0.16799999999999998,2.9286145034118833,1.9529118909786736,4.846174690292732,1.7634240138921282,4.493460202860077
syn2,RI_SE,sc,0.175,2.940625279354405,1.9417148164758926,4.919622636806233,1.7862578219596463,4.585156060352411
syn2,RI_SE,sc,0.182,2.9488305817258027,1.926504799552519,4.9908509384181805,1.7672725642060336,4.643893329671854
syn2,RI_SE,sc,0.18899999999999997,2.9527876240883373,1.9106256534891874,5.064606608493188,1.7238011341837471,4.685278275791754
syn2,RI_SE,sc,0.19599999999999998,2.9478203339476265,1.8873807390983455,5.131572292597874,1.7222022270335784,4.757961604439798
syn2,RI_SE,sc,0.20299999999999999,2.942516926575109,1.8642176224497733,5.203841500422927,1.680293928722214,4.799419027547593
syn2,RI_SE,sc,0.20999999999999996,2.928647134768843,1.8362752870007126,5.268832956970514,1.6405115865643791,4.832809529783564
syn2,RI_SE,sc,0.21699999999999997,2.9080173470533692,1.80430510545581,5.3344412026150065,1.6029073558303097,4.877249278186426
syn2,RI_SE,sc,0.22399999999999998,2.8846672015426638,1.768512480419819,5.3942294629455265,1.5554826846094632,4.901280784911089
syn2,RI_SE,sc,0.23099999999999998,2.84894775660272,1.7252351461578643,5.4495400433961825,1.5164061141324954,4.927329918782237
syn2,RI_SE,sc,0.238,2.806447989484691,1.6828585433067265,5.495488355761534,1.4538248557678923,4.931684300480631
syn2,RI_SE,sc,0.24499999999999997,2.7548891829976268,1.633699121534246,5.498390016613443,1.4179677633024736,4.9451098119771215
syn2,RI_SE,sc,0.252,2.6978038490634733,1.5836724043958592,5.5266713035403106,1.394316037362053,4.973762569726374
syn2,RI_SE,sc,0.25899999999999995,2.6318211292383915,1.5287037969463886,5.5397466426539745,1.3272769508739826,4.943099598051049
syn2,RI_SE,sc,0.26599999999999996,2.5563992302511,1.4723968540695413,5.509252867025475,1.2513345108661493,4.868675406441909
syn2,RI_SE,sc,0.27299999999999996,2.473518838531544,1.4141402465116442,5.462988354906289,1.205301357331416,4.789034220924935
syn2,RI_SE,sc,0.27999999999999997,2.3853654402082407,1.3550276750626438,5.378841829520191,1.1629673576944015,4.677513716567037
syn2,RI_SE,sc,0.287,2.2909152226971354,1.2980963471763207,5.229187788946132,1.0919057002974555,4.518788648852023
syn2,RI_SE,sc,0.294,2.1925688426627996,1.2413794403888245,5.050136883871186,1.0635185772705142,4.3751223172288505
syn2,RI_SE,sc,0.301,2.093666774234356,1.1849220796362645,4.836220006150873,1.0183083960298025,4.188969128361647
syn2,RI_SE,sc,0.30799999999999994,1.9921882831301156,1.1283163737903212,4.570990845982505,0.9704914314949641,3.9640972427844874
syn2,RI_SE,sc,0.31499999999999995,1.8921012714078989,1.0759140071965931,4.294304654007896,0.9105560442367663,3.723462748431397
syn2,RI_SE,sc,0.32199999999999995,1.7920049214693377,1.0264787926030223,4.009830953093455,0.8770715238411168,3.4934562839416596
syn2,RI_SE,sc,0.32899999999999996,1.69186371701015,0.9762302239262322,3.7178839673425803,0.8233774747508973,3.2476261547409946
syn2,RI_SE,sc,0.33599999999999997,1.596069278678438,0.929199424046778,3.4390169198050273,0.8063312457626308,3.03079626571003
syn2,RI_SE,sc,0.34299999999999997,1.5030063871611443,0.8848495284973403,3.1638897097765923,0.7654779214984619,2.7966657901332677
syn2,RI_SE,sc,0.35,1.4125069148714209,0.8393813368610116,2.8947498303841455,0.7365247942889075,2.581256313993144
syn2,RI_SE,sc,0.357,1.326917198950849,0.7960018483284519,2.651625878493729,0.6988545557611733,2.373924229214669
syn2,RI_SE,sc,0.364,1.2473074960352455,0.7544804060125191,2.431023978596041,0.6673732988684555,2.1908140224956805
syn2,RI_SE,sc,0.37099999999999994,1.170404915756674,0.7153158646299281,2.2238229226752946,0.6380831726464586,2.024060935098127
syn2,RI_SE,sc,0.37799999999999995,1.09805534516028,0.6773102423879171,2.044640852149094,0.6114404352528253,1.874661015354073
syn2,RI_SE,sc,0.38499999999999995,1.030843692045747,0.6423905431618432,1.8958038460095514,0.5818622467570137,1.7415004781995922
syn2,RI_SE,sc,0.39199999999999996,0.9679853946706278,0.6089507339658957,1.755278788950545,0.5539955445101971,1.6208981415810875
syn2,RI_SE,sc,0.39899999999999997,0.9090267826760586,0.5765813033320255,1.636071083475685,0.5197246421764584,1.5076415997109138
syn2,RI_SE,sc,0.40599999999999997,0.8538618678674332,0.5466652853948005,1.5331621604925565,0.48976230024299333,1.4051534066755986
syn2,RI_SE,sc,0.413,0.8025986673965302,0.5175609720231528,1.4348253042093402,0.4655865860582311,1.3178423283902434
syn2,RI_SE,sc,0.41999999999999993,0.7544711799052677,0.48857770887869645,1.3478658888898238,0.4417203392430336,1.2397017936632022
syn2,RI_SE,sc,0.42699999999999994,0.7103006462006928,0.46191259943672347,1.2697075237008122,0.41664300991854897,1.1669575768491347
syn2,RI_SE,sc,0.43399999999999994,0.6693371591105315,0.4367798079591373,1.1984332004735712,0.3945671457560189,1.1025465739960567
syn2,RI_SE,sc,0.44099999999999995,0.6307679882694555,0.4129270202757534,1.1349939951344155,0.3827974544902508,1.0537306166141565
syn2,RI_SE,sc,0.44799999999999995,0.5956488298497353,0.38960079934930714,1.0779271577416567,0.34135697899491013,0.9801279604623646
syn2,RI_SE,sc,0.45499999999999996,0.5634818221486948,0.36764733703174013,1.0235956911134758,0.3253537576173999,0.9324141187291015
syn2,RI_SE,sc,0.46199999999999997,0.5338891972582995,0.3462995618959973,0.9739530127448384,0.3090969158999009,0.8879884795203677
syn2,RI_SE,sc,0.469,0.5065831280635061,0.32673588024803846,0.9294601447983228,0.2932236930328113,0.8459592271615917
syn2,RI_SE,sc,0.476,0.48119439479585824,0.3086165708025038,0.8864237087404107,0.2781238345005774,0.8085462926177067
syn2,RI_SE,sc,0.48299999999999993,0.4577968575617535,0.2915412325680742,0.8475172730920351,0.26438518395281,0.7741460937614469
syn2,RI_SE,sc,0.48999999999999994,0.4362265917396473,0.2758969929832648,0.8118303094768516,0.24736060101824284,0.7378921373435259
syn2,RI_SE,sc,0.49699999999999994,0.41603362279789613,0.26164605920087713,0.7777929989736219,0.23619807801509815,0.7108370506227489
syn2,RI_SE,sc,0.504,0.3969561155138719,0.2478704164869442,0.7458185269330423,0.2232105191913218,0.6815874648615758
syn2,RI_SE,sc,0.5109999999999999,0.3792164598964464,0.23554959090688748,0.7149856956265707,0.21038890703411947,0.654066465591662
syn2,RI_SE,sc,0.5179999999999999,0.36250935181635113,0.223782783023847,0.6876619845939813,0.1968985643872976,0.6265847496388908
syn2,RI_SE,sc,0.5249999999999999,0.3467746726798881,0.21232917602010956,0.6616475956500641,0.18698179284806304,0.603998988777628
syn2,RI_SE,sc,0.5319999999999999,0.33195234359417913,0.20176235162991812,0.6394427918707151,0.17653488657788752,0.5811986558444067
syn2,RI_SE,sc,0.5389999999999999,0.3180735971878116,0.19237823256304376,0.6177100234131239,0.167857761473319,0.5596981401071305
syn2,RI_SE,sc,0.5459999999999999,0.3050908366062608,0.18353502843517722,0.5957962177746381,0.15994582739578841,0.5390675821244849
syn2,RI_SE,sc,0.5529999999999999,0.2928246460649814,0.17495921393664488,0.5764016365120775,0.15090368808012208,0.5184729605948659
syn2,RI_SE,sc,0.5599999999999999,0.2812034504144537,0.16703961235627746,0.5565288362515252,0.14361312281867206,0.5016409122110372
syn2,RI_SE,sc,0.567,0.27025377325645933,0.1594685455568461,0.5365988770394196,0.13651717530703167,0.48537300684359935
syn2,RI_SE,sc,0.574,0.2598429180649009,0.1524526584761308,0.5197028412257915,0.12961624054023096,0.4696780833270605
syn2,RI_SE,sc,0.581,0.2496298332777025,0.14556721928892546,0.5050328562907522,0.12356274903348415,0.45370330326961106
syn2,RI_SE,sc,0.588,0.23991758596513063,0.13914350862858013,0.49135843718562805,0.12033318202843739,0.4416159027081021
syn2,RI_SE,sc,0.595,0.23065906734051056,0.1330724284682783,0.47886716291995945,0.11461917529233792,0.4270873769314792
syn2,RI_SE,sc,0.602,0.22186224586532208,0.12739828070337123,0.4659922595760438,0.10953253791860065,0.4133601020611766
syn2,RI_SE,sc,0.609,0.21311328475111146,0.12186118687651054,0.45497740541750714,0.10171626075955813,0.3972025963738881
syn2,RI_SE,sc,0.6159999999999999,0.20468024683783137,0.11690517169912856,0.4415869279909816,0.09728228060912655,0.38413096357843635
syn2,RI_SE,sc,0.6229999999999999,0.19663268005540113,0.11215860833677893,0.42773443986160514,0.09339996533678538,0.3720124317835202
syn2,RI_SE,sc,0.6299999999999999,0.18901170745559537,0.1077703680977792,0.41709035049419013,0.08944403005711889,0.3611285039059211
syn2,RI_SE,sc,0.6369999999999999,0.18170730860815443,0.10354896586323623,0.40808025030766526,0.08581724690770214,0.3497805603634245
syn2,RI_SE,sc,0.6439999999999999,0.17462376553225842,0.09949478622590488,0.39790709431395715,0.08355057976567747,0.33933933092378044
syn2,RI_SE,sc,0.6509999999999999,0.16765478803115347,0.0957314381106219,0.3879234758609588,0.07938085494336479,0.32698860572689264
syn2,RI_SE,sc,0.6579999999999999,0.16114771366256997,0.09227669235547403,0.37856000714538535,0.07666012906229736,0.3166897397635274
syn2,RI_SE,sc,0.6649999999999999,0.15498929272066905,0.08891962602393909,0.3689524702046535,0.07333549159965289,0.30637606689788316
syn2,RI_SE,sc,0.6719999999999999,0.1491074799777417,0.08579023381719922,0.36113081796914737,0.07120869192370892,0.29837278403297207
syn2,RI_SE,sc,0.6789999999999999,0.14354361171090807,0.08285827026810061,0.3515928808564821,0.06839335734798481,0.28926088879751827
syn2,RI_SE,sc,0.6859999999999999,0.13821326703747522,0.08001310819534961,0.3412807210790354,0.06608028816090539,0.2813588358601992
syn2,RI_SE,sc,0.693,0.13322788894734966,0.077267546463834,0.3319876723977274,0.06439390217231251,0.2735382626761366
syn2,RI_SE,sc,0.7,0.128472343490725,0.07462447899047409,0.32276884564213154,0.06151626642155113,0.2643211221283244
syn2,DIS,bc,0.007,1.79592181317824,1.35264108138564,2.81779866163177,1.2774141018956,2.62528329159102
syn2,DIS,bc,0.014,2.06734400379825,1.50993599163499,3.3015633097811,1.41542828631664,3.07261393944371
syn2,DIS,bc,0.021,2.15855276373377,1.58582821099944,3.25726175849515,1.50216722099985,3.08744517885419
syn2,DIS,bc,0.028,2.30426393994065,1.67014018466658,3.57905218895052,1.57443423770635,3.36717131494568
syn2,DIS,bc,0.035,2.30717889433547,1.67862654954819,3.50141098489856,1.60245522257683,3.33146223685918
syn2,DIS,bc,0.042,2.33513809450715,1.68313387888488,3.55420120001004,1.59139126387159,3.37610154723162
syn2,DIS,bc,0.049,2.24964249308935,1.57240956554434,3.35381332743191,1.52299111804736,3.26044704964128
syn2,DIS,bc,0.056,2.30312116926001,1.55970315924278,3.50733389882648,1.47627793899516,3.36707443584748
syn2,DIS,bc,0.063,2.46183742031258,1.66660379795624,3.89373582889581,1.55463486777803,3.68957280163939
syn2,DIS,bc,0.07,2.6949377356411,1.81062623311635,4.56868475503764,1.68281112005052,4.26241166089163
syn2,DIS,bc,0.077,2.88349875982995,1.90489956862454,5.15962816785325,1.70568910288406,4.6961111408115
syn2,DIS,bc,0.084,3.09273297994858,2.00340553538943,5.88522565799544,1.76921335765673,5.2404727673652
syn2,DIS,bc,0.091,3.2105292479626,2.05572711694761,6.26878051748424,1.80225055288147,5.56930118033843
syn2,DIS,bc,0.098,3.3657083333122,2.11370548603994,6.89308375868179,1.84117720121969,6.03922604404753
syn2,DIS,bc,0.105,3.43426501208163,2.14186937852694,7.12919731039516,1.86355409328187,6.25127343296388
syn2,DIS,bc,0.112,3.48317796887574,2.15849988833701,7.29148316226208,1.86641653474688,6.39277980302727
syn2,DIS,bc,0.119,3.52589709927597,2.16161547783142,7.43531355929563,1.87749634601162,6.50756088378346
syn2,DIS,bc,0.126,3.54879426091142,2.17145333780132,7.63280827942485,1.87453536381099,6.64559099967166
syn2,DIS,bc,0.133,3.50312107275206,2.13131954598581,7.41306771573045,1.87641220585746,6.55092834850873
syn2,DIS,bc,0.14,3.52885674302449,2.13163873762945,7.65248550557481,1.81572982767476,6.6547639240349
syn2,DIS,bc,0.147,3.47385396051538,2.09013212556743,7.50161808566039,1.77779352335789,6.54128959160638
syn2,DIS,bc,0.154,3.43239059088909,2.04670039960934,7.38387095434775,1.74929539213614,6.46875657628962
syn2,DIS,bc,0.161,3.38281305072633,2.00232364275719,7.36032404753654,1.68761429802484,6.39294168390943
syn2,DIS,bc,0.168,3.28180970373932,1.92615070048822,7.07308490364426,1.65619679716761,6.20162821396145
syn2,DIS,bc,0.175,3.18578596571228,1.84146430334504,6.82016383081453,1.56888723548697,5.9875500199453
syn2,DIS,bc,0.182,3.09080921589921,1.75234882944021,6.58116638776578,1.43695104945932,5.79919822753521
syn2,DIS,bc,0.189,3.05973289196174,1.71128817892511,6.64982321845839,1.3964771702209,5.81935498123665
syn2,DIS,bc,0.196,3.09487318426047,1.72275910267191,6.98508107409912,1.39811204190352,6.04894633636729
syn2,DIS,bc,0.203,3.09497058015724,1.709507076733,7.2342283494205,1.39946802447999,6.16891920627682
syn2,DIS,bc,0.21,3.11277533574389,1.70064162331035,7.43947083038436,1.39132833082624,6.3332690397146
syn2,DIS,bc,0.217,3.0909429798291,1.67175295608599,7.54175608766553,1.34838550800746,6.42300888135172
syn2,DIS,bc,0.224,3.03445345529286,1.61720651700807,7.52420406892732,1.25738352613382,6.29706849511071
syn2,DIS,bc,0.231,2.94994848891281,1.53064371003395,7.26769722251571,1.15516250619946,6.15498933679856
syn2,DIS,bc,0.238,2.87333850253744,1.44917643928599,7.19211654467481,1.13347494319896,6.09699826241274
syn2,DIS,bc,0.245,2.92830960846333,1.4781174205855,7.6626434161937,1.11744819080938,6.36686860907213
syn2,DIS,bc,0.252,3.02146040216499,1.52590039560937,8.24451238643938,1.1930827435443,6.82196656784367
syn2,DIS,bc,0.259,3.08979847516948,1.55446872564077,8.8409257149626,1.22578726151993,7.17761126038927
syn2,DIS,bc,0.266,3.13226057688478,1.56644974350944,9.25508990132484,1.21640303085171,7.4720057051052
syn2,DIS,bc,0.273,3.1520361814277,1.55644187749942,9.59762136287727,1.14822022851051,7.60489778969145
syn2,DIS,bc,0.28,3.14774409798643,1.5492765970726,9.78093283826866,1.13831976710002,7.77591977285238
syn2,DIS,bc,0.287,3.11330209936516,1.51482500101828,9.86519542888023,1.09925088563163,7.78564508725178
syn2,DIS,bc,0.294,3.06441278563859,1.46560349450863,9.7799911811158,1.07795924755191,7.74303223679093
syn2,DIS,bc,0.301,3.041122136218,1.4459038809441,9.9902446257846,1.09107458057547,7.89710673266846
syn2,DIS,bc,0.308,3.01055933148878,1.4172021633569,10.0033251371188,1.02189944188122,7.86701540859743
syn2,DIS,bc,0.315,3.0018031534066,1.39985509365838,10.3260261847041,0.980204881564526,7.95394004315634
syn2,DIS,bc,0.322,2.97463817164655,1.36758201890718,10.3663061376999,0.967043150298745,8.0341025370795
syn2,DIS,bc,0.329,2.92758485840697,1.33633318343118,10.4231520807617,0.933630496726804,8.03346184733185
syn2,DIS,bc,0.336,2.86133368145407,1.28909481760527,10.3483132142598,0.887854598182158,7.91794559751187
syn2,DIS,bc,0.343,2.78427424117565,1.23540577370783,10.1293841729221,0.801568327109403,7.68897955371646
syn2,DIS,bc,0.35,2.73117210201954,1.19850030282682,10.0640854524121,0.777781127011256,7.67268959885792
syn2,DIS,bc,0.357,2.66787447825171,1.15089915516035,9.90010508587185,0.789401599212849,7.63417169289734
syn2,DIS,bc,0.364,2.58168164232226,1.08669978368785,9.6524363482492,0.730307377000821,7.4305594915769
syn2,DIS,bc,0.371,2.48210397192659,1.01653037575218,9.31422484151175,0.669350521185663,7.20390575245041
syn2,DIS,bc,0.378,2.4155598955623,0.969843818580464,9.19789584824178,0.624107963775528,7.09679522784556
syn2,DIS,bc,0.385,2.3767029094094,0.937278363912839,9.27921351897181,0.612081942146402,7.129729487537
syn2,DIS,bc,0.392,2.32690452838209,0.895783786763029,9.2495166639184,0.549045515091721,7.06055530460513
syn2,DIS,bc,0.399,2.26267475339565,0.8409516146852,9.08964974888563,0.499440505758739,6.92929942844219
syn2,DIS,bc,0.406,2.18967175536946,0.786431735240036,8.88808768831366,0.453750326005889,6.76062986459208
syn2,DIS,bc,0.413,2.10185682697557,0.722366186636847,8.59242212483952,0.409900384844324,6.53013670735426
syn2,DIS,bc,0.42,2.08165636826095,0.693143707954642,8.68616351308909,0.381291077366599,6.60356790836403
syn2,DIS,bc,0.427,2.04151667430005,0.650252250033678,8.68089095122273,0.346781016432729,6.59839857198217
syn2,DIS,bc,0.434,2.02994707311387,0.631435485365214,8.85656212629287,0.360681261413408,6.73527713755464
syn2,DIS,bc,0.441,2.00866705372616,0.601635785457086,8.9361976097519,0.29216779570318,6.7732377151608
syn2,DIS,bc,0.448,1.97866441200368,0.566396596173791,8.9800934274471,0.284673443560528,6.77789497045987
syn2,DIS,bc,0.455,1.96847637316571,0.549217381091083,9.19125318277811,0.26269777615454,6.89575613653445
syn2,DIS,bc,0.462,1.98871767513586,0.543033985106861,9.6562816112923,0.250360355338595,7.13274892335102
syn2,DIS,bc,0.469,1.9957931051661,0.532933554447643,9.87408033685471,0.253740702463188,7.38992747526368
syn2,DIS,bc,0.476,2.00000872567969,0.515050712059184,10.1277593346662,0.224844680038058,7.48771110705879
syn2,DIS,bc,0.483,2.02072909879328,0.512984254082734,10.6546445688661,0.229655152492297,7.82086320136529
syn2,DIS,bc,0.49,2.03498020822755,0.504547766327385,11.0330530323971,0.218667244128188,8.06887085584871
syn2,DIS,bc,0.497,2.04612651209308,0.497112092621319,11.4580877271646,0.183372133067671,8.24780412517578
syn2,DIS,bc,0.504,2.04826440223239,0.481301283436973,11.695762068844,0.201397785267315,8.37956636896253
syn2,DIS,bc,0.511,2.04007090433122,0.463252143043001,11.8735863606869,0.143713172344452,8.48079623658582
syn2,DIS,bc,0.518,2.03034659220068,0.443027709580299,11.9600840354017,0.175413171412991,8.55290697372009
syn2,DIS,bc,0.525,2.04371638036561,0.435178381135744,12.4539557904711,0.159869261558456,8.75017180847691
syn2,DIS,bc,0.532,2.05616186538358,0.431277238413303,12.9055215035194,0.140184963153468,9.01893035501588
syn2,DIS,bc,0.539,2.059849971612,0.418593656526565,13.2539406622093,0.129369047688979,9.17236150059298
syn2,DIS,bc,0.546,2.05410437073118,0.404979522188684,13.319068318384,0.137352624360962,9.33936778422831
syn2,DIS,bc,0.553,2.04936616770905,0.386411980656781,13.412894294467,0.12771802527681,9.33102239523525
syn2,DIS,bc,0.56,2.03100901028083,0.367985587029175,13.4101519226237,0.118798764475535,9.34975596241503
syn2,DIS,bc,0.567,2.00602128499868,0.349708983972785,13.3274581698514,0.0882789928905846,9.31594118158941
syn2,DIS,bc,0.574,2.01530733726399,0.338382736865049,13.5526711092202,0.0841988878661722,9.46910543822873
syn2,DIS,bc,0.581,2.01790404935739,0.328173316546703,13.7345603039845,0.0862678817049976,9.55088796033072
syn2,DIS,bc,0.588,2.01032026167147,0.316214317746923,13.9263390317503,0.0787109780384381,9.65488577804925
syn2,DIS,bc,0.595,1.99420108480081,0.300743124005572,13.8861761559982,0.0774481727778566,9.699818019474
syn2,DIS,bc,0.602,1.97429714988183,0.284666784439773,13.8268646761198,0.0609547299789597,9.6142779871537
syn2,DIS,bc,0.609,1.9430005432006,0.267734315241617,13.6508859553035,0.0435166634638548,9.55203552869408
syn2,DIS,bc,0.616,1.9111095586052,0.247335187441626,13.4817111271125,0.0429361207082876,9.4349584665044
syn2,DIS,bc,0.623,1.94073579609731,0.245904900449691,13.9244912289715,0.0412134491472761,9.69638345011612
syn2,DIS,bc,0.63,1.96337550280486,0.245721290554442,14.5354866531149,0.0336930256619694,9.99000305150302
syn2,DIS,bc,0.637,1.98505290881416,0.244141081042897,15.0029014603089,0.0266711491889307,10.2377025306879
syn2,DIS,bc,0.644,1.9893368246309,0.240050001442325,15.4112114953679,0.0221768399118916,10.4005776634539
syn2,DIS,bc,0.651,1.99308028738098,0.231174846912489,15.672089702545,0.0215673579852792,10.5569392689875
syn2,DIS,bc,0.658,1.99340781778655,0.227289393164779,15.7667829522176,0.015324525931077,10.6604888566785
syn2,DIS,bc,0.665,1.98608535445272,0.218072743647952,15.8493967564935,0.0080512673043407,10.7200545942934
syn2,DIS,bc,0.672,2.0111842870309,0.21771890229993,16.4409020658456,0.0059572795605883,11.0456567277869
syn2,DIS,bc,0.679,2.02800245220416,0.217518792662177,16.9309473191442,0.0055543461667939,11.3555407037858
syn2,DIS,bc,0.686,2.03691501465634,0.215516351956609,17.5085022320874,0.0052911508489382,11.6963380524829
syn2,DIS,bc,0.693,2.03691501465634,0.215516351956609,17.5085022320874,0.0052911508489382,11.6963380524829
syn2,DIS,bc,0.7,2.04350539419819,0.212361336574121,18.0758474309356,0.0058348167683563,11.8774709378633
syn2,DIS,sc,0.007,2.38429581293101,1.6597110134916,3.85913655170962,1.5550902551562,3.61619968705318
syn2,DIS,sc,0.014,2.34737803847468,1.67050969063184,3.56993394940364,1.5921176733312,3.41363119343395
syn2,DIS,sc,0.021,2.42236259680048,1.69755338061631,3.74470559791459,1.59089841992082,3.54608699345584
syn2,DIS,sc,0.028,2.42806990176249,1.6856954998034,3.78771967554002,1.5959296596462,3.6019822340511
syn2,DIS,sc,0.035,2.43247722647606,1.67193527608811,3.81724778560824,1.56318415079134,3.61702307619706
syn2,DIS,sc,0.042,2.15251992570934,1.3952963754573,3.27499726070374,1.3184338502118,3.15336016190756
syn2,DIS,sc,0.049,2.12751165811363,1.33061775590083,3.29481723644725,1.2713375270243,3.19374664803478
syn2,DIS,sc,0.056,2.17298360985726,1.30391088240485,3.44676538316535,1.23167704696366,3.33430896122281
syn2,DIS,sc,0.063,2.55921115519816,1.59836679110053,4.33661942811934,1.45646008852552,4.08418187148228
syn2,DIS,sc,0.07,2.88056504562458,1.78121024060955,5.24137864279438,1.6002717574939,4.84179766827047
syn2,DIS,sc,0.077,3.03864703930039,1.85168964596291,5.69135905421047,1.62928306322503,5.18681842190098
syn2,DIS,sc,0.084,3.24948426191195,1.95394849021928,6.33283243809858,1.71463977732341,5.74337266364056
syn2,DIS,sc,0.091,3.41923053513592,2.01496674400938,6.89990564846284,1.73816182102231,6.20630928413307
syn2,DIS,sc,0.098,3.56550402900015,2.0778361653829,7.40348457810171,1.76348754961867,6.60439172983751
syn2,DIS,sc,0.105,3.56255992080379,2.06005537862149,7.32220224233356,1.78812118255766,6.55764692809389
syn2,DIS,sc,0.112,3.67337242899335,2.10725493751483,7.77010184084466,1.78311341693528,6.89420827353367
syn2,DIS,sc,0.119,3.65396151761603,2.08538870260391,7.76508882114396,1.76265662919699,6.84648928783611
syn2,DIS,sc,0.126,3.63289664436094,2.05729626257262,7.72813665207364,1.73458303682071,6.87183607266401
syn2,DIS,sc,0.133,3.47297268260299,1.95921388058065,7.22009231839617,1.65000057918884,6.43426994858756
syn2,DIS,sc,0.14,3.46661502252047,1.95222750733226,7.26853336314022,1.68203830487253,6.53654171527459
syn2,DIS,sc,0.147,3.34055913890232,1.87267294481885,6.94603997207753,1.61660339943796,6.23373015902189
syn2,DIS,sc,0.154,3.2304473113554,1.80382495580688,6.63094144278632,1.5519731604369,5.95832134816023
syn2,DIS,sc,0.161,3.14065375728951,1.74767740498356,6.44590062127675,1.48350993245247,5.7844045248457
syn2,DIS,sc,0.168,2.93863779623189,1.61536718501891,5.90692349844154,1.38707120551191,5.34605536518184
syn2,DIS,sc,0.175,2.76368616696769,1.49862519392592,5.4507568769789,1.30082503233983,4.99144726614285
syn2,DIS,sc,0.182,2.60440341616677,1.37385212938383,5.09569558865188,1.19721519502412,4.69380751710237
syn2,DIS,sc,0.189,2.55988048901723,1.35199842950577,5.05887159348774,1.15584573194944,4.60818677275564
syn2,DIS,sc,0.196,2.53180769370267,1.32185433747036,5.15713419516452,1.11150898396964,4.6740912378453
syn2,DIS,sc,0.203,2.5655616210822,1.34685548964432,5.38554784792934,1.13878745912763,4.85518346247331
syn2,DIS,sc,0.21,2.53725888640882,1.33196043344494,5.40693374752979,1.11787592973891,4.85314583240308
syn2,DIS,sc,0.217,2.45321189055449,1.27194497347848,5.19276159646482,1.0295176666139,4.63541593704207
syn2,DIS,sc,0.224,2.3094539936951,1.16852152232402,4.85485979639582,0.966340616901509,4.36974087514267
syn2,DIS,sc,0.231,2.2011391561321,1.07789450779936,4.61454838060616,0.889377639268698,4.17092316195062
syn2,DIS,sc,0.238,2.20191782911437,1.07390808268944,4.69299614826232,0.87340309289818,4.22926564191444
syn2,DIS,sc,0.245,2.33192701088933,1.15666604677626,5.21470127160629,0.94173399008492,4.63354096579358
syn2,DIS,sc,0.252,2.42819158085942,1.2089418575946,5.69130753780417,0.968685788684295,4.97150437770288
syn2,DIS,sc,0.259,2.50013415384537,1.23902002124345,6.06742844373611,0.978450374501644,5.2764949926384
syn2,DIS,sc,0.266,2.52702119862935,1.24733160937695,6.33927189537638,0.964835553783358,5.4174630654685
syn2,DIS,sc,0.273,2.52204127910199,1.23693732016277,6.47842020752792,0.927342429105272,5.45775209313303
syn2,DIS,sc,0.28,2.47895672461778,1.21854322421227,6.39835151379919,0.940013197358595,5.45062878663618
syn2,DIS,sc,0.287,2.40875233736605,1.17982455557907,6.20744005177528,0.900518291442807,5.26645469291883
syn2,DIS,sc,0.294,2.30413405816975,1.13094378118123,5.82968245797382,0.892574108205311,5.00418208742383
syn2,DIS,sc,0.301,2.26389649459785,1.10491841503239,5.76079733347072,0.854552457081366,4.92956428053716
syn2,DIS,sc,0.308,2.1809668935907,1.0582251237291,5.61671279993398,0.797767199096282,4.7516022462717
syn2,DIS,sc,0.315,2.16064238133477,1.04848166709275,5.69520089179123,0.807391288243165,4.81971074790221
syn2,DIS,sc,0.322,2.11777956157167,1.02196774829627,5.51713628407267,0.78205804114325,4.69801124029478
syn2,DIS,sc,0.329,2.04160000791998,0.988311358647524,5.31728837975222,0.752941354730657,4.50817972083247
syn2,DIS,sc,0.336,1.94206152052553,0.94462312943094,4.94705153611178,0.733124794200319,4.24327671887979
syn2,DIS,sc,0.343,1.82655402726579,0.887739975406103,4.56360627640316,0.683960656150808,3.94300328538237
syn2,DIS,sc,0.35,1.7601170502234,0.856637543103471,4.42099389553163,0.646171347522383,3.77045916278523
syn2,DIS,sc,0.357,1.67044506587539,0.813095103467938,4.17681874459035,0.601509141688566,3.57140696213456
syn2,DIS,sc,0.364,1.56526110081504,0.758685422570872,3.84661808771583,0.586484770433822,3.32178213796915
syn2,DIS,sc,0.371,1.44491628390118,0.693050877000712,3.46508989320233,0.561663339590349,3.03873044817933
syn2,DIS,sc,0.378,1.35998784400612,0.651551410573311,3.24268979247086,0.512206937348579,2.82875491264812
syn2,DIS,sc,0.385,1.2515257410391,0.599187410135123,3.02544928958965,0.471020777867555,2.6384838165575
syn2,DIS,sc,0.392,1.17702791635943,0.563685045716301,2.8327238239439,0.427328328097003,2.4438366634216
syn2,DIS,sc,0.399,1.08766597752532,0.516133810768908,2.57584598946337,0.401906550511752,2.24016526206856
syn2,DIS,sc,0.406,0.989000395197952,0.461497247629358,2.27487579464436,0.367411068405079,2.01336848795123
syn2,DIS,sc,0.413,0.915191556271285,0.421464298483135,2.10206141286423,0.334603856325619,1.85973472269136
syn2,DIS,sc,0.42,0.870502302162274,0.397635865180076,1.98860677704543,0.30870713363717,1.76608264270308
syn2,DIS,sc,0.427,0.812047537294345,0.364999382875392,1.86889287529176,0.275629595283824,1.64545695064377
syn2,DIS,sc,0.434,0.774493801462201,0.344305410553895,1.80657350486009,0.254660398388956,1.58123722322338
syn2,DIS,sc,0.441,0.733130511973504,0.319841124078647,1.70482820294279,0.243245704385012,1.51297080484015
syn2,DIS,sc,0.448,0.683213657521659,0.290944721656542,1.60552727499935,0.222773974709852,1.41747190529505
syn2,DIS,sc,0.455,0.650469458631445,0.27374331709942,1.543534773613,0.213091839736618,1.37870921238463
syn2,DIS,sc,0.462,0.636004493907278,0.267143481732536,1.54220449772344,0.195707997698797,1.35141346476594
syn2,DIS,sc,0.469,0.616755989851865,0.255653074004266,1.5131235340578,0.19380315361362,1.32937582888564
syn2,DIS,sc,0.476,0.591204831229045,0.243171826677085,1.47016279952379,0.17490571877735,1.28552459013828
syn2,DIS,sc,0.483,0.584765413059733,0.239800669150352,1.48254514394012,0.177991834873159,1.29009843371182
syn2,DIS,sc,0.49,0.571855999564421,0.235552292070462,1.47327828751017,0.171809946833938,1.27830497575043
syn2,DIS,sc,0.497,0.557259713495907,0.226631946496153,1.46610984626713,0.162436777128945,1.26373571685326
syn2,DIS,sc,0.504,0.537587467376395,0.217067995078048,1.43506077212219,0.161439711078038,1.236609505421
syn2,DIS,sc,0.511,0.512799989094391,0.205159696129741,1.38135928349513,0.149880696870326,1.18801460053996
syn2,DIS,sc,0.518,0.485236388192276,0.191525931843929,1.32133277599579,0.131256840651863,1.1309398296184
syn2,DIS,sc,0.525,0.471895766764898,0.184905934504833,1.29968557072735,0.132940209394369,1.11690536567417
syn2,DIS,sc,0.532,0.459315362947472,0.178004252570569,1.2846996853955,0.123712162682508,1.09926238791777
syn2,DIS,sc,0.539,0.442595928227351,0.17067251383656,1.25547296599275,0.121956028632124,1.07172225805753
syn2,DIS,sc,0.546,0.423600580134677,0.162993633095327,1.22209529135995,0.110514081695725,1.03501620520764
syn2,DIS,sc,0.553,0.402810770293987,0.153091473411976,1.17715343128516,0.10150457170836,0.990232138186265
syn2,DIS,sc,0.56,0.379592374931305,0.1407039567411,1.11915975909226,0.0969351251072297,0.946882107376693
syn2,DIS,sc,0.567,0.354656255868272,0.128751834908009,1.05995988174584,0.0863571796296808,0.898203112584861
syn2,DIS,sc,0.574,0.328827056634308,0.115834224716095,1.00677411923982,0.0723026458319575,0.848541276758565
syn2,DIS,sc,0.581,0.297633835981676,0.101645243884119,0.95708561929128,0.0660295999920063,0.803282793263381
syn2,DIS,sc,0.588,0.281096937020742,0.0932942821328043,0.932683044802319,0.0594034602142753,0.774284785512138
syn2,DIS,sc,0.595,0.262556593214968,0.0842254164754706,0.900153352286118,0.0533787751902025,0.74651545252497
syn2,DIS,sc,0.602,0.24298496670585,0.0746414180569277,0.867786091662837,0.0401206930012294,0.710834166142437
syn2,DIS,sc,0.609,0.224154303707675,0.0641556923443728,0.83968041291999,0.0340134614670001,0.685070651232954
syn2,DIS,sc,0.616,0.20532216385951,0.0531150970443502,0.818402778784163,0.0268068393595746,0.660079456530888
syn2,DIS,sc,0.623,0.200910740960995,0.0492268814812822,0.830849441574563,0.0243142395605945,0.668644235502226
syn2,DIS,sc,0.63,0.197158807154004,0.0455687743007913,0.842179476004744,0.0209258445765982,0.674661978429025
syn2,DIS,sc,0.637,0.19298701162878,0.0418345992114863,0.844343021886389,0.0159148063842636,0.673563235561524
syn2,DIS,sc,0.644,0.187828637461999,0.037819344245098,0.852292183067298,0.0139657577611345,0.680186115299775
syn2,DIS,sc,0.651,0.182652863355146,0.0341349408262118,0.86104130191711,0.0114884096026992,0.680300070876438
syn2,DIS,sc,0.658,0.177496164473953,0.0306727639959019,0.866792072235065,0.009282226729781,0.682330489862255
syn2,DIS,sc,0.665,0.171927037154539,0.0268077143216393,0.875553784586162,0.007349468862049,0.682602603861994
syn2,DIS,sc,0.672,0.171927037154539,0.0268077143216393,0.875553784586162,0.007349468862049,0.682602603861994
syn2,DIS,sc,0.679,0.171927037154539,0.0268077143216393,0.875553784586162,0.007349468862049,0.682602603861994
syn2,DIS,sc,0.686,0.171927037154539,0.0268077143216393,0.875553784586162,0.007349468862049,0.682602603861994
syn2,DIS,sc,0.693,0.171927037154539,0.0268077143216393,0.875553784586162,0.007349468862049,0.682602603861994
syn2,DIS,sc,0.7,0.171927037154539,0.0268077143216393,0.875553784586162,0.007349468862049,0.682602603861994
syn3,RI_BM,bc,0.0070999999999999995,19.165308471956976,10.267174457030698,47.360900717529546,8.411570645029798,40.04216153026427
syn3,RI_BM,bc,0.014199999999999999,21.130541703389405,11.06649554940193,66.6669960526115,8.75440912844092,51.46754237924088
syn3,RI_BM,bc,0.0213,19.99652794909008,11.21574802624367,46.72695803394985,9.277806474178766,40.02877243695911
syn3,RI_BM,bc,0.028399999999999998,21.304872600147387,11.648328482149276,60.18543270762569,9.241314064549462,48.145856738496384
syn3,RI_BM,bc,0.0355,21.54222577514148,11.80812079047377,64.57508341972002,8.987069119693135,50.63493012985498
syn3,RI_BM,bc,0.0426,20.233252065983677,11.448941573061209,48.551488329026704,9.576153826948252,41.37240439754147
syn3,RI_BM,bc,0.049699999999999994,20.40344335178034,11.379383263374248,53.27459353497925,9.244595336599568,43.73434019625086
syn3,RI_BM,bc,0.056799999999999996,20.004866881856735,11.274103193639236,57.086396274046564,8.808283444886326,44.459603967604195
syn3,RI_BM,bc,0.0639,18.587534346302434,10.870531291242346,41.15205467182681,9.32685415751936,35.878325856588646
syn3,RI_BM,bc,0.071,19.320607341368337,10.767765254969275,60.17294453757919,8.447342178057268,46.06767168115086
syn3,RI_BM,bc,0.07809999999999999,17.95750898477775,10.39542323785632,44.90830398725965,8.589945436960745,37.15362224266572
syn3,RI_BM,bc,0.0852,16.980045522593525,9.887773027205883,42.277173325253344,8.286213405424782,34.578577856324245
syn3,RI_BM,bc,0.0923,15.443473823636374,9.34406159193448,31.33790120244842,8.043693622726575,27.63842839181561
syn3,RI_BM,bc,0.09939999999999999,14.935040060647555,9.1729420305152,31.21664668269195,7.883322037850141,27.266132488508294
syn3,RI_BM,bc,0.1065,15.078274614915642,9.069372752165972,32.94021367016831,7.67252846503695,28.4988465567229
syn3,RI_BM,bc,0.11359999999999999,14.655985917799786,8.775322737660646,31.706562432810664,7.46095483456202,27.608983124826604
syn3,RI_BM,bc,0.12069999999999999,14.471501568472771,8.64045764750637,34.07017234045506,7.361574049250847,28.685250067331225
syn3,RI_BM,bc,0.1278,13.837008954403037,8.437560090370296,31.213096542260327,7.318689414901694,26.821313976065777
syn3,RI_BM,bc,0.1349,13.029906129996203,8.070839598095654,27.475326095489212,7.025018558477326,24.02206999480097
syn3,RI_BM,bc,0.142,12.270886560595656,7.572866481719109,25.221704902942253,6.667786542398162,22.348171243295667
syn3,RI_BM,bc,0.14909999999999998,11.218831264856572,7.130152933645021,21.83909775189047,6.323936121896257,19.367739907160537
syn3,RI_BM,bc,0.15619999999999998,10.236218317806006,6.665392122473153,18.32125778506859,6.0189460168779885,16.73203327514126
syn3,RI_BM,bc,0.1633,9.515111302102973,6.284670802045985,16.37713310368903,5.655157814969003,15.034480960372646
syn3,RI_BM,bc,0.1704,8.800841406674163,5.916574426658746,14.42898677342736,5.501798397289063,13.549308675221402
syn3,RI_BM,bc,0.1775,8.422977359217672,5.613319708433568,13.789588578899526,5.2115383537801865,12.929230802816866
syn3,RI_BM,bc,0.1846,8.234793857300154,5.423768571889973,13.738699638206194,5.0262934748604176,12.879749109960752
syn3,RI_BM,bc,0.19169999999999998,8.106730725696146,5.325606604704927,13.850994394505308,4.8837064834403,12.831476505525389
syn3,RI_BM,bc,0.19879999999999998,7.891654339659102,5.26246494281319,13.571035210401643,4.78105826731394,12.536192115874648
syn3,RI_BM,bc,0.2059,7.65508505301711,5.080400971680778,13.011043156607125,4.6171013476959875,12.071414757318701
syn3,RI_BM,bc,0.213,7.521074762028675,4.972929695768162,12.88638929133243,4.545410232096921,11.94079814043341
syn3,RI_BM,bc,0.2201,7.342753156550894,4.820629743868725,12.705051285604881,4.384072750425433,11.759677471776932
syn3,RI_BM,bc,0.22719999999999999,7.195288490374928,4.730884729841852,12.52519755586456,4.317294126041612,11.637543313271486
syn3,RI_BM,bc,0.23429999999999998,7.109561456249829,4.632720217974636,12.81097461683447,4.158076794001242,11.707182899880243
syn3,RI_BM,bc,0.24139999999999998,6.979231483266547,4.533401886872845,12.582190945419214,4.127387358399093,11.476754872643637
syn3,RI_BM,bc,0.24849999999999997,6.7511622951788155,4.3935897246492726,11.983361945618265,3.9869096381280604,10.96682976588746
syn3,RI_BM,bc,0.2556,6.557264311173126,4.3181233164264174,11.65036247747237,3.9023971581054453,10.646301829344837
syn3,RI_BM,bc,0.2627,6.411328664400498,4.180212851390393,11.447545372776416,3.8403537954193867,10.540715679664576
syn3,RI_BM,bc,0.2698,6.250327234846705,4.072020179454879,11.320253185708408,3.636871382426084,10.247904173235177
syn3,RI_BM,bc,0.2769,6.128585402204694,3.962823323605852,11.136989468562044,3.61537224824745,10.169138448782707
syn3,RI_BM,bc,0.284,5.915602043141515,3.842443626916683,10.59925220291881,3.4885795991759982,9.75151413621982
syn3,RI_BM,bc,0.29109999999999997,5.727780814474729,3.6997741675735147,10.355582931295224,3.3219002867445546,9.460584412918207
syn3,RI_BM,bc,0.29819999999999997,5.560411383737391,3.55253609221539,10.016442218214882,3.1770853670659007,9.184918559058733
syn3,RI_BM,bc,0.30529999999999996,5.355278126169914,3.4298721546059774,9.441233018850667,3.135807958318897,8.780451956896018
syn3,RI_BM,bc,0.31239999999999996,5.205897677041744,3.3210332114021246,9.298205565621403,3.004226497166859,8.576564350087992
syn3,RI_BM,bc,0.3195,5.145771617993324,3.2635921479661825,9.51950434444367,2.9275727484531835,8.704852949624659
syn3,RI_BM,bc,0.3266,5.05907818354984,3.1779781631485373,9.425209418270807,2.8511565599786888,8.57204434622251
syn3,RI_BM,bc,0.3337,4.928026111437158,3.0930153778421294,9.197500685337626,2.7492024927799994,8.372500749750415
syn3,RI_BM,bc,0.3408,4.767590002847386,2.9751778857610836,8.875462699888244,2.656940221483378,8.104977966434282
syn3,RI_BM,bc,0.3479,4.644356133609628,2.9156734361624053,8.591691183485514,2.6147449673769065,7.873217306090131
syn3,RI_BM,bc,0.355,4.554559440371796,2.8514840060898328,8.53703304532131,2.556856088979015,7.817775895687626
syn3,RI_BM,bc,0.3621,4.466415470805622,2.756578095912173,8.447265247817,2.406510286315807,7.649958776309852
syn3,RI_BM,bc,0.3692,4.403907078246657,2.7146720324964755,8.517051890321751,2.464455154306504,7.811104305765612
syn3,RI_BM,bc,0.37629999999999997,4.3634293128707125,2.658085164573183,8.5569246557995,2.3357890137579864,7.723180632315009
syn3,RI_BM,bc,0.38339999999999996,4.318162383208149,2.608516566082047,8.519792330828702,2.29964299665844,7.642611705351763
syn3,RI_BM,bc,0.39049999999999996,4.288246288598825,2.5381049182914053,8.569589767992111,2.2087997712037644,7.676804944916644
syn3,RI_BM,bc,0.39759999999999995,4.279411939725115,2.4980847410532303,8.632366339170252,2.1694896547752824,7.736725297600366
syn3,RI_BM,bc,0.40469999999999995,4.244309243377329,2.463087159235165,8.678914384194963,2.12448130890123,7.734802217227122
syn3,RI_BM,bc,0.4118,4.206732131504629,2.42919789655235,8.586839978035357,2.0896986911541395,7.688060590941097
syn3,RI_BM,bc,0.4189,4.233028226100459,2.4099682150728605,9.00282198765305,2.0524998419029274,7.986105731790631
syn3,RI_BM,bc,0.426,4.268895983397867,2.3984610937864703,9.42740786166142,2.0180608067566563,8.242606961939684
syn3,RI_BM,bc,0.4331,4.27593009766827,2.366074529312792,9.632171608464086,2.0086838480434284,8.45979992784238
syn3,RI_BM,bc,0.4402,4.303639528766524,2.3579928278603597,9.94586977078931,1.9143463482473464,8.607590112944875
syn3,RI_BM,bc,0.4473,4.319907391907577,2.3405035038394946,10.239166550871378,1.8225285129905748,8.755312484052759
syn3,RI_BM,bc,0.45439999999999997,4.332627042899389,2.3255266409927264,10.674952443007577,1.8463965798453819,9.118872787581045
syn3,RI_BM,bc,0.46149999999999997,4.347877795066296,2.3141914072123884,11.014371452595235,1.8712807969256802,9.395490237685674
syn3,RI_BM,bc,0.46859999999999996,4.353976028796597,2.290688109796411,11.286276984737531,1.8216377014792748,9.525181981627638
syn3,RI_BM,bc,0.47569999999999996,4.362177976950137,2.28545902909616,11.490013382136611,1.8200542477217274,9.671983227475701
syn3,RI_BM,bc,0.48279999999999995,4.3979245631432855,2.277742976210652,12.10633969461529,1.7610494739248785,10.051686499922074
syn3,RI_BM,bc,0.48989999999999995,4.419376289658723,2.265385126212578,12.528348383959708,1.7827760586108632,10.44281997283563
syn3,RI_BM,bc,0.49699999999999994,4.450317318486636,2.266311050904844,13.147299924248378,1.699808520085321,10.76452147763478
syn3,RI_BM,bc,0.5041,4.479095798500387,2.2391583664786916,13.749371023547628,1.641059787755216,11.062007780842663
syn3,RI_BM,bc,0.5112,4.497397807755399,2.2231308616849668,14.301028497655066,1.7212150937382296,11.435727601829893
syn3,RI_BM,bc,0.5183,4.527105721142285,2.206021484048063,14.829408274852902,1.617270278142588,11.781339881870633
syn3,RI_BM,bc,0.5254,4.530371745554945,2.1980057820898344,15.31088950895043,1.6451451577577245,12.033797659389329
syn3,RI_BM,bc,0.5325,4.546312016170844,2.179780275383108,15.444539903834878,1.5741753231535753,12.142483383366006
syn3,RI_BM,bc,0.5396,4.528495854806133,2.1641505747520466,15.431882845006543,1.601058089865357,12.185685203305008
syn3,RI_BM,bc,0.5467,4.526628230951005,2.135755692737612,15.548501364123117,1.5597804987041246,12.245806710553014
syn3,RI_BM,bc,0.5538,4.518410559458207,2.1254441850656436,15.637065077961624,1.5646750649507746,12.321871219996106
syn3,RI_BM,bc,0.5609,4.505884632407649,2.1053520949511904,16.010770045189414,1.5423662220225272,12.548126623940746
syn3,RI_BM,bc,0.568,4.512671659137734,2.099908188048394,16.330668791947097,1.5191874218874268,12.726972992164471
syn3,RI_BM,bc,0.5751,4.510038814400419,2.083139479587669,16.57117517491602,1.5119601861767187,12.88456602134723
syn3,RI_BM,bc,0.5821999999999999,4.492901299780958,2.0760472133456265,16.464162711838988,1.5616680962691871,12.98538183746584
syn3,RI_BM,bc,0.5892999999999999,4.499881741278973,2.076024748855447,16.84704893214196,1.4945242833692585,13.042718212165944
syn3,RI_BM,bc,0.5963999999999999,4.500556104976633,2.0581720479824512,17.097014561748477,1.4696939000739375,13.159790133911061
syn3,RI_BM,bc,0.6034999999999999,4.499041960797398,2.0504442112682852,16.918247755151008,1.498962596509357,13.075901899584105
syn3,RI_BM,bc,0.6105999999999999,4.481817780255894,2.0235569489184697,16.947159912298282,1.4781122815542165,13.006436540307613
syn3,RI_BM,bc,0.6176999999999999,4.432693882133819,2.006630879552916,16.371959733552828,1.5138204664904766,12.769520058979733
syn3,RI_BM,bc,0.6247999999999999,4.399041173964578,1.9757055570459763,16.179697322235384,1.437571483354763,12.543135860509311
syn3,RI_BM,bc,0.6318999999999999,4.392658330388742,1.9696976052612665,15.637627783457061,1.412853984218572,12.328216908715769
syn3,RI_BM,bc,0.639,4.339111052870528,1.948729046766689,15.078082267817116,1.4248971755373854,11.957123488331131
syn3,RI_BM,bc,0.6461,4.314882621706259,1.951193146015848,14.346264255678056,1.4212773211186271,11.669591985437766
syn3,RI_BM,bc,0.6532,4.284224789882108,1.9249079248925085,14.047145593468333,1.413373531147745,11.367132340932939
syn3,RI_BM,bc,0.6603,4.250170493053545,1.9060051364235426,13.563672515473275,1.3765219738668384,11.149924550477483
syn3,RI_BM,bc,0.6674,4.238103531385283,1.8949291623660491,13.470503620261555,1.370446061439506,11.035040868713136
syn3,RI_BM,bc,0.6745,4.215759658638081,1.8748253215377926,13.438706764773675,1.3576204820419575,10.94806813048385
syn3,RI_BM,bc,0.6816,4.183609426010067,1.8606839282243393,13.285986377316807,1.308211240045784,10.840522021072136
syn3,RI_BM,bc,0.6887,4.178866643055564,1.8498357947609692,13.315817038428058,1.3117316193305066,10.92703030777154
syn3,RI_BM,bc,0.6958,4.157932405210293,1.8329735405904655,13.348836771598362,1.2254972519922078,10.841203605189966
syn3,RI_BM,bc,0.7029,4.153101542512376,1.8301170746136877,13.326648030938559,1.2457410141167002,10.759961878390651
syn3,RI_BM,bc,0.71,4.149576576717694,1.8095124990299087,13.62137273210915,1.2058516722521029,10.894542869498949
syn3,RI_BM,sc,0.0070999999999999995,15.590156205442959,8.030542579076371,43.64763292725337,6.382045073720003,35.29145585715007
syn3,RI_BM,sc,0.014199999999999999,19.65847318112464,9.4612815747291,131.38244687289088,6.784972927872736,79.75231202934545
syn3,RI_BM,sc,0.0213,16.504980788239564,9.019048734786901,46.363731576768465,7.266648469931457,37.91789523921567
syn3,RI_BM,sc,0.028399999999999998,18.571410820499544,9.424927137683166,76.29435531770949,7.08450583674378,54.390423764725504
syn3,RI_BM,sc,0.0355,19.372453575989923,9.68733776906726,92.69765526669505,6.642929246937157,62.38887601705157
syn3,RI_BM,sc,0.0426,16.955437256176893,8.856245540777836,48.826312152430425,6.81454671225592,39.108952729592495
syn3,RI_BM,sc,0.049699999999999994,18.170725979595684,9.276249741417228,68.16555032755343,6.682765896394335,49.854189167787744
syn3,RI_BM,sc,0.056799999999999996,17.9789433320413,9.076823689222385,81.58748408786053,6.716711128207328,55.072758768532395
syn3,RI_BM,sc,0.0639,15.737505957320923,8.552695025073737,40.522370979331136,6.945728392151989,33.681168261057365
syn3,RI_BM,sc,0.071,18.258016668147015,8.819521636847904,102.43125153458142,5.982219050555787,65.9887524139594
syn3,RI_BM,sc,0.07809999999999999,16.296903166940524,8.434739993773018,55.51549760367674,6.357778566475366,41.529610808159454
syn3,RI_BM,sc,0.0852,15.374174779796585,8.073503887316079,70.05593868924613,6.056850336891076,47.254746705697194
syn3,RI_BM,sc,0.0923,12.58767534994112,7.160178045307431,29.72745523827893,5.8758822819849845,25.090323968382272
syn3,RI_BM,sc,0.09939999999999999,12.524523640868404,7.209449452128603,31.735912047232016,5.826419683079642,26.21078735201816
syn3,RI_BM,sc,0.1065,13.51572335832369,7.543237023311611,41.69384444704877,6.1332318293214785,32.299411702902994
syn3,RI_BM,sc,0.11359999999999999,13.160324675665663,7.354920100732096,32.14632578806742,6.125155526409472,27.362464338000507
syn3,RI_BM,sc,0.12069999999999999,13.239918632372902,7.2505085842428825,41.10395491526881,5.706608762365997,32.1112711263285
syn3,RI_BM,sc,0.1278,12.630783037539913,7.058397946222969,35.14098113937366,5.80548088268695,28.247814584512884
syn3,RI_BM,sc,0.1349,12.115995477146011,6.760848176831043,32.35744584039864,5.441356889537356,26.301673357831213
syn3,RI_BM,sc,0.142,11.099181801912334,6.287925560342846,29.753789640097768,5.09842498663761,23.95984233275062
syn3,RI_BM,sc,0.14909999999999998,9.903638226030795,5.794092722754903,23.78738562153002,4.6247267855296705,19.773620279728416
syn3,RI_BM,sc,0.15619999999999998,8.610791093640849,5.216445809799463,17.861597522568992,4.603877112531846,15.899390536311532
syn3,RI_BM,sc,0.1633,7.885469021889815,5.026608861281075,15.522293198887116,4.44497028161053,13.716848832860057
syn3,RI_BM,sc,0.1704,7.074757588551323,4.626317355020095,11.878323972112971,4.1973472563069185,11.088180828022653
syn3,RI_BM,sc,0.1775,6.70458717818064,4.373456174303944,11.369618226620302,4.010688196307862,10.591018308662928
syn3,RI_BM,sc,0.1846,6.587605778666335,4.317990575293909,11.64830491275954,3.8381769579765157,10.637160355107177
syn3,RI_BM,sc,0.19169999999999998,6.572597393917551,4.345874743305572,12.010017332655133,3.9019632780621167,10.838986935609471
syn3,RI_BM,sc,0.19879999999999998,6.409997684033904,4.231592099921107,11.94076358250024,3.7900908548281835,10.752024047361783
syn3,RI_BM,sc,0.2059,6.194275040850555,4.113818772081302,11.210638378253293,3.7467066412522603,10.278369613500088
syn3,RI_BM,sc,0.213,6.0609136337093705,3.985417292818999,11.061544768133057,3.6068665660568633,9.982713707382155
syn3,RI_BM,sc,0.2201,5.793295372890597,3.864090416499096,10.41138436541582,3.5078705756409634,9.471061967712666
syn3,RI_BM,sc,0.22719999999999999,5.6405373264267205,3.796329203697611,10.308148502165979,3.47332147012555,9.341847483371172
syn3,RI_BM,sc,0.23429999999999998,5.539165659600045,3.6468691683660808,11.402389809913041,3.2284377863830698,9.744775471973316
syn3,RI_BM,sc,0.24139999999999998,5.20310248606932,3.476657560617161,9.730780282285906,3.1633443083944375,8.688639913656775
syn3,RI_BM,sc,0.24849999999999997,4.962271005122833,3.353185519608905,8.678610439445691,3.029393315007694,7.904780585811555
syn3,RI_BM,sc,0.2556,4.80577282442539,3.2108764781286268,8.399349393034672,2.9011743438818214,7.672951048250302
syn3,RI_BM,sc,0.2627,4.625443797175821,3.109473400241664,8.185727133937627,2.8183686281693188,7.45408700533056
syn3,RI_BM,sc,0.2698,4.467958631930579,3.031365541758833,8.035659976528244,2.7525895697603393,7.290341403434518
syn3,RI_BM,sc,0.2769,4.308562851452875,2.9454263394931712,7.66397051607318,2.636872305987469,6.924482196251004
syn3,RI_BM,sc,0.284,4.045381233284247,2.7576219391622407,6.8351616643276145,2.5246579123869535,6.300677567694973
syn3,RI_BM,sc,0.29109999999999997,3.83839464008598,2.627653459122525,6.3656136889081125,2.430893034442739,5.882032699298313
syn3,RI_BM,sc,0.29819999999999997,3.652522878970453,2.521138225630049,5.878581514538685,2.3577736411003305,5.518277490681813
syn3,RI_BM,sc,0.30529999999999996,3.440568869891667,2.39424219981333,5.378279756310897,2.24200228010076,5.083250611301232
syn3,RI_BM,sc,0.31239999999999996,3.287273836762533,2.3028119122523885,5.107508116776073,2.151424214606397,4.835354826307092
syn3,RI_BM,sc,0.3195,3.183193834521165,2.2269560920400417,5.004873317576066,2.0959882687843034,4.734838263198255
syn3,RI_BM,sc,0.3266,3.0796202081818658,2.1516692002660203,4.832623316888089,1.9848196868182446,4.524071570736439
syn3,RI_BM,sc,0.3337,2.9457999070434107,2.0572346835498307,4.518613632007244,1.9323163078577736,4.294095520301942
syn3,RI_BM,sc,0.3408,2.792982868502919,1.9661688470314351,4.193412994454152,1.8757955853009205,4.021644816247878
syn3,RI_BM,sc,0.3479,2.6494558460261763,1.8725683628238134,3.9383012627176255,1.7914184589597308,3.787245009764089
syn3,RI_BM,sc,0.355,2.540864158738473,1.8033816115266676,3.738066886769559,1.7372459998875887,3.6160610202453913
syn3,RI_BM,sc,0.3621,2.439120074433135,1.7285951106123534,3.580708913955218,1.6482253885776657,3.455014832459664
syn3,RI_BM,sc,0.3692,2.3652812191264267,1.6692321748530043,3.4880261841013174,1.5994995224100044,3.3725231863306386
syn3,RI_BM,sc,0.37629999999999997,2.301811740879492,1.609095729765744,3.414109055071364,1.5474087489902715,3.2928665976348186
syn3,RI_BM,sc,0.38339999999999996,2.221105183075931,1.5639169883304755,3.2479197197067218,1.5149074320912919,3.1532071756429643
syn3,RI_BM,sc,0.39049999999999996,2.160018194345574,1.5109233735964542,3.1537440539730675,1.4482184105946116,3.054001187720038
syn3,RI_BM,sc,0.39759999999999995,2.100396771305762,1.4570891013542777,3.081049986511971,1.3721745928211355,2.9554687836870297
syn3,RI_BM,sc,0.40469999999999995,2.0289201731056936,1.3931000099839908,2.9754247929106934,1.3345760386769088,2.876295707024865
syn3,RI_BM,sc,0.4118,1.975795449658445,1.3751483697334497,2.895721709744594,1.315407229603175,2.7922934859227415
syn3,RI_BM,sc,0.4189,1.9480287330050001,1.338764698160019,2.8574314768925007,1.2888474398523035,2.7798293826668172
syn3,RI_BM,sc,0.426,1.9146116955657853,1.2993650518573248,2.8601928829527585,1.2168786928267503,2.7289181545984795
syn3,RI_BM,sc,0.4331,1.8920819983015664,1.2849081227226056,2.856668806981042,1.2082078270479526,2.7239308792175443
syn3,RI_BM,sc,0.4402,1.8611394919196111,1.2682935443176369,2.8090430944106632,1.1988175976692985,2.6921778821293243
syn3,RI_BM,sc,0.4473,1.8385901457558096,1.2536959579722406,2.77371598350724,1.2002723739026337,2.684094724976019
syn3,RI_BM,sc,0.45439999999999997,1.811939148057999,1.230060086372319,2.745948983732442,1.1642829715148486,2.6373602241605965
syn3,RI_BM,sc,0.46149999999999997,1.7851239057373447,1.219329512075071,2.7370583389486733,1.1473236847392765,2.6156396661335486
syn3,RI_BM,sc,0.46859999999999996,1.7562421251326352,1.1907844030699493,2.6979337735329216,1.1269231400293578,2.5883548631625644
syn3,RI_BM,sc,0.47569999999999996,1.7330733325493837,1.160965412257958,2.669487157166068,1.0869243105237307,2.55341446662938
syn3,RI_BM,sc,0.48279999999999995,1.7113047817053826,1.1433606877145859,2.658759583603974,1.0700558440080876,2.535640510843637
syn3,RI_BM,sc,0.48989999999999995,1.6907461035833533,1.1333945905493539,2.612644080184295,1.0741327032322683,2.51230302469431
syn3,RI_BM,sc,0.49699999999999994,1.6698833110614153,1.114933418700088,2.580929843538505,1.0344876627093804,2.460543974533749
syn3,RI_BM,sc,0.5041,1.6507041534153122,1.0907555127040416,2.5565384631082355,1.0182520993995183,2.44748369582621
syn3,RI_BM,sc,0.5112,1.6326674362225746,1.0863203482715056,2.530249759469904,1.0125908840203108,2.4275457846385615
syn3,RI_BM,sc,0.5183,1.6178621483566833,1.0649424754593109,2.5256843100851585,0.9965332765707268,2.4154531922921407
syn3,RI_BM,sc,0.5254,1.5965501287856623,1.043255297413705,2.5124484449898037,0.9990020065688947,2.4233849130607674
syn3,RI_BM,sc,0.5325,1.5799973083211292,1.03281814617175,2.4881366057887218,0.98164415578165,2.3941735219650697
syn3,RI_BM,sc,0.5396,1.564020933128881,1.001798809409864,2.4628363948346093,0.9453334900976095,2.364767025262365
syn3,RI_BM,sc,0.5467,1.5433766148291084,0.9958715084348059,2.440974870032824,0.9290976617540841,2.3260664434399607
syn3,RI_BM,sc,0.5538,1.5286772438095033,0.9848119034016599,2.4160984590665313,0.9430598497486411,2.3298061964489163
syn3,RI_BM,sc,0.5609,1.5099495419022873,0.9707494483539694,2.415351646613127,0.9200262559443203,2.3072376874864724
syn3,RI_BM,sc,0.568,1.4963597153699393,0.9575633514211606,2.423445856681421,0.8940024636394105,2.285220086226933
syn3,RI_BM,sc,0.5751,1.4888412050114916,0.9485826648170138,2.40575573724868,0.8868878610339499,2.2794248879373424
syn3,RI_BM,sc,0.5821999999999999,1.4760113241517407,0.931489659670788,2.3794208169991844,0.8866167524586196,2.2813826496386227
syn3,RI_BM,sc,0.5892999999999999,1.4601818278344372,0.9107104942929631,2.354827724332512,0.8603944183953028,2.2585916614671313
syn3,RI_BM,sc,0.5963999999999999,1.4518045709072926,0.9016507470473077,2.351196021492696,0.8289237349913782,2.232308517764653
syn3,RI_BM,sc,0.6034999999999999,1.4364979379200893,0.890373170886562,2.332620287897841,0.8202585984197658,2.219460395646894
syn3,RI_BM,sc,0.6105999999999999,1.43067601566165,0.872502115461343,2.317116100520029,0.8227957529439641,2.2338083964832305
syn3,RI_BM,sc,0.6176999999999999,1.4100387589996188,0.8639120476186278,2.2831248805768345,0.8056264091533405,2.1891630469746572
syn3,RI_BM,sc,0.6247999999999999,1.3968522748379777,0.8358915143121798,2.2619582360005346,0.767388750625802,2.156918890503252
syn3,RI_BM,sc,0.6318999999999999,1.3893648897338955,0.8372872269338989,2.270880952452541,0.7657473192007596,2.1641690027363225
syn3,RI_BM,sc,0.639,1.381057789587615,0.8304999086950043,2.273087850744996,0.742089072336241,2.1538421229862608
syn3,RI_BM,sc,0.6461,1.3684280134232631,0.8219701003594597,2.2681472031276884,0.7759552934527869,2.1926452627949757
syn3,RI_BM,sc,0.6532,1.359372467593789,0.8160381981795061,2.2643790688050522,0.7435762632001653,2.1576237086492056
syn3,RI_BM,sc,0.6603,1.3515576840427146,0.8070603653786621,2.2579351244130534,0.713390119942249,2.122439249638528
syn3,RI_BM,sc,0.6674,1.3477266702241197,0.796057132966765,2.2548391222275868,0.7261081469157424,2.1363951368320753
syn3,RI_BM,sc,0.6745,1.3422165823098173,0.7835237308321487,2.2530729710141513,0.7100264424473565,2.126237248336319
syn3,RI_BM,sc,0.6816,1.337799312080248,0.7771522879717292,2.2544609618291283,0.7021621596389526,2.1414903968683077
syn3,RI_BM,sc,0.6887,1.3306470837926505,0.7637953849306586,2.27160048912503,0.6900510672606904,2.1454744408784188
syn3,RI_BM,sc,0.6958,1.3239895749488502,0.7607251520707667,2.2773276971371503,0.6882054052097419,2.148658690325398
syn3,RI_BM,sc,0.7029,1.3227413057957538,0.7603299343297765,2.3018852534588494,0.6815958492733801,2.155812896552447
syn3,RI_BM,sc,0.71,1.3185517110815717,0.7604101224396943,2.3052171553451384,0.6942445791924672,2.1718876570897336
syn3,RI_SE,bc,0.0070999999999999995,26.25918401142321,14.201086865779402,62.77307508471543,11.873099296191286,54.38787787734892
syn3,RI_SE,bc,0.014199999999999999,25.97393315137618,14.723904619109758,54.177635296092575,12.674767360991416,48.4849306916888
syn3,RI_SE,bc,0.0213,25.5594021558529,15.169003798553696,48.33732298504918,13.256451342666068,44.159964362164004
syn3,RI_SE,bc,0.028399999999999998,25.01122130698805,15.458313813595169,44.39952733142799,13.937044194433026,41.10851092862034
syn3,RI_SE,bc,0.0355,24.37598766138899,15.614051772895676,41.47508447830559,14.291736990034181,38.71831548377228
syn3,RI_SE,bc,0.0426,23.648956645337925,15.614569574699198,39.256562847616614,14.414414332885281,36.769438890003215
syn3,RI_SE,bc,0.049699999999999994,22.89609084951302,15.457935207641405,37.38200491766217,14.365557176612523,35.063602309526324
syn3,RI_SE,bc,0.056799999999999996,22.101352668401326,15.165297656824883,35.69882917275177,14.023686489526524,33.42959611311255
syn3,RI_SE,bc,0.0639,21.275151182951873,14.771982115029937,34.154088279235744,13.874433229070982,32.22425855215747
syn3,RI_SE,bc,0.071,20.425786514099237,14.29614826171722,32.685608570003396,13.300326818137352,30.607013398171468
syn3,RI_SE,bc,0.07809999999999999,19.571219085216867,13.776600280398197,31.22954104359621,12.85753372079061,29.240977473105687
syn3,RI_SE,bc,0.0852,18.71036815370352,13.217501095874866,29.748618712859564,12.324412211608665,27.78906599246063
syn3,RI_SE,bc,0.0923,17.86831108611591,12.667417909997067,28.3160978531514,11.832528856827269,26.39615486981675
syn3,RI_SE,bc,0.09939999999999999,17.03482279442894,12.131827591341088,26.88264558321318,11.433053206068308,25.139099949301997
syn3,RI_SE,bc,0.1065,16.222130308169326,11.598986419298859,25.418569415074334,10.917684368947102,23.78594459199027
syn3,RI_SE,bc,0.11359999999999999,15.432679404542812,11.097511898560354,24.0159416899367,10.442044403004903,22.507975798937103
syn3,RI_SE,bc,0.12069999999999999,14.669394978049954,10.607313477325468,22.68830173132416,9.993583756635683,21.28388998054688
syn3,RI_SE,bc,0.1278,13.945721482565109,10.131531570518122,21.45380859882961,9.483876880377535,20.063544550996934
syn3,RI_SE,bc,0.1349,13.245123795850649,9.672168088546416,20.26420446557025,9.05550109645172,18.956313294887234
syn3,RI_SE,bc,0.142,12.577339787264307,9.233413625510948,19.198521523535295,8.713527609190514,17.995431340916763
syn3,RI_SE,bc,0.14909999999999998,11.948436726365223,8.81317928783169,18.260139108797368,8.304905989548454,17.045360448242736
syn3,RI_SE,bc,0.15619999999999998,11.348686147279931,8.404487840745258,17.417188654232906,7.919050286224679,16.192051993219586
syn3,RI_SE,bc,0.1633,10.79052162693211,8.018850401180627,16.644914628354126,7.5131369430388215,15.38184556193245
syn3,RI_SE,bc,0.1704,10.26140055245822,7.654884491287877,15.971220706115924,7.1974432368516625,14.681999322135233
syn3,RI_SE,bc,0.1775,9.764726767628531,7.305035764428825,15.381614712940877,6.75703464689831,13.912590770036056
syn3,RI_SE,bc,0.1846,9.298774027334662,6.963216932439255,14.836183019003322,6.49482833603919,13.393609669678693
syn3,RI_SE,bc,0.19169999999999998,8.860349089024075,6.6419685849868495,14.371163892308644,6.137612083262115,12.82095980936916
syn3,RI_SE,bc,0.19879999999999998,8.454778153246107,6.3330361866813325,13.940596656760867,5.874547697539939,12.357879632315083
syn3,RI_SE,bc,0.2059,8.07178097483122,6.040716650880732,13.580577929546571,5.624282706284047,11.940586651844797
syn3,RI_SE,bc,0.213,7.71598966193857,5.764234430134532,13.258511277314135,5.387688363794256,11.585494187100783
syn3,RI_SE,bc,0.2201,7.382343823104902,5.499953580642685,12.974111109938304,5.078584905502259,11.184309099255483
syn3,RI_SE,bc,0.22719999999999999,7.070401287641664,5.251714243754597,12.700851285962958,4.8011166938924426,10.830538825569064
syn3,RI_SE,bc,0.23429999999999998,6.775658177796206,5.017287454219174,12.453621497363208,4.621510910377721,10.605525637080982
syn3,RI_SE,bc,0.24139999999999998,6.499625560874622,4.794911752384597,12.235795059530767,4.358256794997636,10.29647485336809
syn3,RI_SE,bc,0.24849999999999997,6.241827908392599,4.582259588875758,12.036908658954566,4.143495329752811,10.057593651683396
syn3,RI_SE,bc,0.2556,6.003803056868772,4.383218168530211,11.859279347143211,3.9520704966670506,9.84325634328165
syn3,RI_SE,bc,0.2627,5.780868780571014,4.195942774070683,11.716213542621253,3.7790171235565846,9.656224433950543
syn3,RI_SE,bc,0.2698,5.571835402587334,4.0182056407536955,11.573813081080027,3.632051826088061,9.507609135844948
syn3,RI_SE,bc,0.2769,5.374603626724118,3.8475958300755537,11.447181969241274,3.448618206715123,9.316632769730747
syn3,RI_SE,bc,0.284,5.191368253660973,3.692854849105095,11.339295847501424,3.3347084646526834,9.2154567365542
syn3,RI_SE,bc,0.29109999999999997,5.019446314902632,3.543516387252789,11.246251762856414,3.133911648019851,9.032180242538084
syn3,RI_SE,bc,0.29819999999999997,4.8571612803413355,3.4035623998219524,11.185579841076022,3.0376417460206917,8.974095684826013
syn3,RI_SE,bc,0.30529999999999996,4.704877137050236,3.2729706365655455,11.13590996250095,2.8568338074222184,8.823560220660344
syn3,RI_SE,bc,0.31239999999999996,4.561952046773017,3.148857690181049,11.094667050427317,2.6907784655915252,8.702772496430914
syn3,RI_SE,bc,0.3195,4.427880243600255,3.031894644552794,11.083792557868074,2.6448215672861624,8.695490809226394
syn3,RI_SE,bc,0.3266,4.303791798541764,2.9216972789260987,11.092288075976606,2.4993801991986335,8.582542385252795
syn3,RI_SE,bc,0.3337,4.18574180518202,2.817347137853584,11.131567657885448,2.418299138314709,8.544431349604512
syn3,RI_SE,bc,0.3408,4.074422019566288,2.719527427772593,11.175735893306964,2.339504872558706,8.526299239391948
syn3,RI_SE,bc,0.3479,3.969394397520308,2.625956626053249,11.242531676848094,2.2548323064046385,8.511684482175253
syn3,RI_SE,bc,0.355,3.871641334402436,2.538586097715975,11.314494082534987,2.1529168930364384,8.478666357856987
syn3,RI_SE,bc,0.3621,3.7800772640903766,2.4555503362091224,11.400396055479629,2.083888925780003,8.486255189334866
syn3,RI_SE,bc,0.3692,3.693659412366631,2.377934892650371,11.506149130697427,2.0149656628752144,8.506962620749448
syn3,RI_SE,bc,0.37629999999999997,3.6131845937651965,2.3035320091921228,11.646332423487827,1.912876317281957,8.51374658325361
syn3,RI_SE,bc,0.38339999999999996,3.53763325168762,2.231636066392506,11.762573570429181,1.8839088975981886,8.582406544135045
syn3,RI_SE,bc,0.39049999999999996,3.466959189495557,2.1653594679690684,11.926624338164418,1.8517847197195993,8.656407349623796
syn3,RI_SE,bc,0.39759999999999995,3.399730448251601,2.1015057089032108,12.100143294456123,1.7262050658142933,8.635130136455073
syn3,RI_SE,bc,0.40469999999999995,3.337055885161905,2.0421202713292983,12.323520944519283,1.678394260196471,8.70640945662059
syn3,RI_SE,bc,0.4118,3.278690545789951,1.9838091536485236,12.545038061878644,1.6144663756688886,8.774999816846883
syn3,RI_SE,bc,0.4189,3.2234789428871995,1.9290964733731515,12.822748530857039,1.5772417965887515,8.87009729022478
syn3,RI_SE,bc,0.426,3.172524399206207,1.8769283002170534,13.091165318148136,1.5099119509968413,8.953398427599865
syn3,RI_SE,bc,0.4331,3.1238798106727894,1.8286641169408202,13.440683839767486,1.4582304119571214,9.05143702240304
syn3,RI_SE,bc,0.4402,3.076564419372362,1.7819795504822498,13.77374254626568,1.4325031990997759,9.168227134842223
syn3,RI_SE,bc,0.4473,3.0319321487894317,1.739267243978467,14.074667720225705,1.377127401009902,9.309571123231436
syn3,RI_SE,bc,0.45439999999999997,2.991881702244487,1.6984795566827804,14.484073874167906,1.3432047753287877,9.454969284882
syn3,RI_SE,bc,0.46149999999999997,2.9550554067834076,1.6596797577234779,14.899084150483931,1.3295018946635702,9.637010217256138
syn3,RI_SE,bc,0.46859999999999996,2.9203377294134523,1.622377355278909,15.32497896328503,1.2629507158207411,9.753160216152677
syn3,RI_SE,bc,0.47569999999999996,2.8883236685739857,1.5866785765939375,15.786425898541346,1.2057999985549173,9.876775876152779
syn3,RI_SE,bc,0.48279999999999995,2.859843684773513,1.5529454867637273,16.247169709543197,1.1764750728847722,10.044203606695527
syn3,RI_SE,bc,0.48989999999999995,2.832645608630866,1.520245206461085,16.75485405275331,1.1504971104310147,10.221370673102417
syn3,RI_SE,bc,0.49699999999999994,2.8072774015269597,1.4896301269270036,17.26348039635607,1.1270917829681275,10.398442224979249
syn3,RI_SE,bc,0.5041,2.7847401283224578,1.4613494051030802,17.76901622989725,1.0996980590271581,10.576594399883735
syn3,RI_SE,bc,0.5112,2.7652281869677067,1.4350448095749713,18.33637391085163,1.0726555342666835,10.774396357825804
syn3,RI_SE,bc,0.5183,2.7461896089729954,1.4088541572388662,18.871317305620305,1.0467321375042626,10.989570326780557
syn3,RI_SE,bc,0.5254,2.72894306931748,1.3831489134648938,19.438893829388707,1.0206350566539422,11.174520337985017
syn3,RI_SE,bc,0.5325,2.7147528338076827,1.3590975955354179,20.025575449658497,1.0009850423109217,11.371529482806084
syn3,RI_SE,bc,0.5396,2.702129500397488,1.33644162512805,20.592974789764178,0.9799778026087113,11.593003462084159
syn3,RI_SE,bc,0.5467,2.691974520848572,1.3151046101015151,21.156720969142317,0.9535096220875372,11.791801189015118
syn3,RI_SE,bc,0.5538,2.6835937578993767,1.294305469760791,21.670745233388114,0.9418611999186577,12.021566874367055
syn3,RI_SE,bc,0.5609,2.6751907662166747,1.2756366997006239,22.14048379511499,0.9251212964191307,12.240446732946744
syn3,RI_SE,bc,0.568,2.6689243747488227,1.2579826187440128,22.662841604641574,0.9066692850174983,12.43801124167536
syn3,RI_SE,bc,0.5751,2.6667804986398074,1.2392898218888173,23.132717284527228,0.8900087822717037,12.6303336590085
syn3,RI_SE,bc,0.5821999999999999,2.66617477468691,1.222817762014806,23.545759652735082,0.876329634802845,12.842457602360307
syn3,RI_SE,bc,0.5892999999999999,2.667304331179853,1.207573589255685,23.81174536237964,0.8372571141700829,12.982275973958254
syn3,RI_SE,bc,0.5963999999999999,2.6676830753218876,1.1915036429627714,23.932411696871068,0.8200400032772055,13.132107522416193
syn3,RI_SE,bc,0.6034999999999999,2.670295020301725,1.1770065324530654,23.924957645591952,0.8356176956008124,13.250761000526156
syn3,RI_SE,bc,0.6105999999999999,2.674944528750396,1.163507823330904,23.9575185631197,0.8239600597264308,13.371084046996454
syn3,RI_SE,bc,0.6176999999999999,2.6802293619288964,1.150394176650915,23.94408368049078,0.8131947422738212,13.47059873095675
syn3,RI_SE,bc,0.6247999999999999,2.6899115969356817,1.138526861340522,23.743870581658225,0.8032877350310209,13.586011346247833
syn3,RI_SE,bc,0.6318999999999999,2.6985593225943934,1.1262040074755122,23.488203916581444,0.7942078242500606,13.699026855811466
syn3,RI_SE,bc,0.639,2.7088751698516305,1.1159453767410648,23.12858195502665,0.7638234184164315,13.740496139758413
syn3,RI_SE,bc,0.6461,2.720690653346685,1.1058183450861063,22.90008247183347,0.7784177507746214,13.84361497717582
syn3,RI_SE,bc,0.6532,2.732927385930787,1.0966009474332183,22.54371678060069,0.7467287733121534,13.936327558397412
syn3,RI_SE,bc,0.6603,2.7451952636083345,1.089528264159721,22.12112376016108,0.7658922350756237,14.034215890607204
syn3,RI_SE,bc,0.6674,2.7590760623604513,1.0828215094211406,21.703797149615845,0.7449858908451855,14.095522701531818
syn3,RI_SE,bc,0.6745,2.776142289200239,1.0757580965742508,21.247391640559393,0.746155205254155,14.198085965381136
syn3,RI_SE,bc,0.6816,2.7962678902467712,1.0690351165661915,20.833186383197678,0.7241299678815475,14.224400781666677
syn3,RI_SE,bc,0.6887,2.8166020354500585,1.0625948236067886,20.558721442029697,0.7368902368834742,14.27627065636312
syn3,RI_SE,bc,0.6958,2.8407896968302264,1.0565614851579292,20.551579159121342,0.7177250997356511,14.349732090800359
syn3,RI_SE,bc,0.7029,2.863540338544146,1.0500351113177016,20.734074834966314,0.7276313345618419,14.522891581827519
syn3,RI_SE,bc,0.71,2.8900611406378856,1.0445878111083586,20.807933471697037,0.7072528918687278,14.777741558628367
syn3,RI_SE,sc,0.0070999999999999995,21.186283623796406,11.443428588718804,52.093479565169496,9.566728626282735,44.77365814312066
syn3,RI_SE,sc,0.014199999999999999,22.47866108888288,12.655387597155734,47.98695054122599,10.922525671422235,42.801848315148845
syn3,RI_SE,sc,0.0213,23.50414296774228,13.772273429461292,45.53293101410003,12.183179598896658,41.57902752069903
syn3,RI_SE,sc,0.028399999999999998,24.16486381228429,14.71083873279735,44.357895609324736,13.03451903911948,40.66395482844377
syn3,RI_SE,sc,0.0355,24.41580985465339,15.341249089560675,43.73165090672209,13.805805150035683,40.46175797078932
syn3,RI_SE,sc,0.0426,24.32081479385449,15.554503897353174,43.20220293491831,14.022436035769006,39.82365804938518
syn3,RI_SE,sc,0.049699999999999994,23.888157018193787,15.4273354822453,42.27260641645625,14.01946989197726,39.08362011247385
syn3,RI_SE,sc,0.056799999999999996,23.18573498225732,15.011729648282529,40.88374032963432,13.741749707238066,37.911612166616095
syn3,RI_SE,sc,0.0639,22.231740446631054,14.464696313320392,39.01624853794341,13.047627854388523,36.04823904611236
syn3,RI_SE,sc,0.071,21.11717926490806,13.824544253939694,36.73818083259804,12.743148680084612,34.11799010256424
syn3,RI_SE,sc,0.07809999999999999,19.908328803891305,13.16879069946507,34.09310722523353,12.012759214365857,31.616001958568294
syn3,RI_SE,sc,0.0852,18.69506372632416,12.506469388913757,31.354240016521324,11.577800890909742,29.23723936244733
syn3,RI_SE,sc,0.0923,17.491326240189878,11.85228323249268,28.628005835310635,10.940699443068,26.73927425018262
syn3,RI_SE,sc,0.09939999999999999,16.350840587686086,11.239476038449482,26.002823529067907,10.45636522385192,24.503748625928267
syn3,RI_SE,sc,0.1065,15.275162543110708,10.654882280210503,23.65449627918756,10.051723120481087,22.517575854962068
syn3,RI_SE,sc,0.11359999999999999,14.280584692788405,10.091337358714584,21.58845967362323,9.539636805613274,20.621334020803292
syn3,RI_SE,sc,0.12069999999999999,13.362547352675275,9.575624545908454,19.77536262719009,9.124562632305361,19.013848744351655
syn3,RI_SE,sc,0.1278,12.538300892189756,9.084272632619726,18.252123458751615,8.659660322186628,17.542369813660162
syn3,RI_SE,sc,0.1349,11.792743445335319,8.628964835739845,16.916954416059717,8.239087860994246,16.303987491398942
syn3,RI_SE,sc,0.142,11.114326883891719,8.197568526494962,15.779322080532221,7.862593510000893,15.243992043035513
syn3,RI_SE,sc,0.14909999999999998,10.504680745139694,7.792932583885781,14.798977541573226,7.5062850509935535,14.333902355688416
syn3,RI_SE,sc,0.15619999999999998,9.953359566738868,7.404844398498607,13.972173143096585,7.201472249521224,13.590831008195948
syn3,RI_SE,sc,0.1633,9.460833049628716,7.047849309920509,13.243099400216684,6.832324800007572,12.862721990757988
syn3,RI_SE,sc,0.1704,9.011752322538202,6.720813766540812,12.60130263730337,6.48134668112029,12.21207865613105
syn3,RI_SE,sc,0.1775,8.605820638620836,6.417481558083712,12.0442726173973,6.228584115549926,11.69801533576984
syn3,RI_SE,sc,0.1846,8.238614455531987,6.132107056709904,11.525342757637683,5.895342067410397,11.14757429095141
syn3,RI_SE,sc,0.19169999999999998,7.897987661057553,5.87117285179246,11.065949941692018,5.6701796506006135,10.742853377570546
syn3,RI_SE,sc,0.19879999999999998,7.581501304034456,5.623657098323086,10.649439364472011,5.394647686426373,10.29097633568162
syn3,RI_SE,sc,0.2059,7.2926070227644315,5.3953889783826,10.266695424422624,5.161244516447417,9.9054130784167
syn3,RI_SE,sc,0.213,7.018062193381483,5.179626818375398,9.902104177473227,4.982816354263982,9.58543746746293
syn3,RI_SE,sc,0.2201,6.7617485302172895,4.976727130689121,9.556951601735085,4.742568787081135,9.212960238275734
syn3,RI_SE,sc,0.22719999999999999,6.517519229229581,4.784005077199085,9.224772304895389,4.632172660178305,8.97240431020665
syn3,RI_SE,sc,0.23429999999999998,6.282465491276795,4.602646079131104,8.909004098830806,4.411764537793671,8.61019944283421
syn3,RI_SE,sc,0.24139999999999998,6.054976279509965,4.431171880501742,8.598007249410864,4.224836750794287,8.291987019938416
syn3,RI_SE,sc,0.24849999999999997,5.831591911457318,4.2649192280628885,8.292776856962284,4.069538703596883,8.004711219055624
syn3,RI_SE,sc,0.2556,5.612185263907685,4.1028920585942945,7.992389415294399,3.9435633061395903,7.7418971398046
syn3,RI_SE,sc,0.2627,5.394743128497815,3.9412152689879467,7.690341792808998,3.77784313070375,7.426267219233741
syn3,RI_SE,sc,0.2698,5.181039063952628,3.7802265284344694,7.37499373273508,3.6267588326471283,7.123923181254136
syn3,RI_SE,sc,0.2769,4.966068282271864,3.621346938795862,7.066019293637347,3.495955851142922,6.834930169145583
syn3,RI_SE,sc,0.284,4.750907150112423,3.467653991831494,6.752585796331203,3.352065387667087,6.5467352191209915
syn3,RI_SE,sc,0.29109999999999997,4.5366723204620385,3.3165269075866726,6.440258348061189,3.176046805864549,6.222416415870096
syn3,RI_SE,sc,0.29819999999999997,4.3223416063402205,3.163466208488874,6.136616937229036,3.014024447897758,5.909495665265558
syn3,RI_SE,sc,0.30529999999999996,4.110684293061498,3.0089675277343364,5.830310894123658,2.889985959360408,5.633371571895064
syn3,RI_SE,sc,0.31239999999999996,3.9024009186003923,2.855747283161015,5.525918873253979,2.732974593482817,5.330746367965419
syn3,RI_SE,sc,0.3195,3.695810277830536,2.7036563723986937,5.234333216193717,2.614601382961738,5.074914195019732
syn3,RI_SE,sc,0.3266,3.4921069475321325,2.553159991685762,4.943208624899612,2.4488131641553044,4.775791996623516
syn3,RI_SE,sc,0.3337,3.2913090727527115,2.408169096800993,4.661133777505383,2.3088154877738147,4.512071207751905
syn3,RI_SE,sc,0.3408,3.096098614781682,2.2631819075180215,4.399252699229764,2.173546691084176,4.255446605687472
syn3,RI_SE,sc,0.3479,2.9061051737350287,2.1237534205380633,4.141674594156055,2.026675871010002,3.9946552777630635
syn3,RI_SE,sc,0.355,2.7232534890491555,1.9888892982543227,3.892330110842362,1.8971878767577335,3.7526938798949754
syn3,RI_SE,sc,0.3621,2.548947282019105,1.8593400290067428,3.653421844510951,1.7936774992203988,3.537396401472774
syn3,RI_SE,sc,0.3692,2.383824349048292,1.7366668461925139,3.427362740204767,1.6705803273943796,3.3097346964482925
syn3,RI_SE,sc,0.37629999999999997,2.2246235617045667,1.6211733662586747,3.2081187911364735,1.5512386826267948,3.087551459679729
syn3,RI_SE,sc,0.38339999999999996,2.0739326640370477,1.5122947389963624,3.0033582665264653,1.4565838131584965,2.897919955069851
syn3,RI_SE,sc,0.39049999999999996,1.933066960023126,1.4105503801424886,2.8073072555695906,1.3293660790129558,2.6799087211070476
syn3,RI_SE,sc,0.39759999999999995,1.8016206557845433,1.314616966782164,2.6230291494915914,1.2392637295710431,2.501876448631967
syn3,RI_SE,sc,0.40469999999999995,1.6780313594639993,1.2256678362274074,2.4454522400350527,1.1744911436817629,2.353371616653186
syn3,RI_SE,sc,0.4118,1.5630496488239194,1.143382562331277,2.278320990321446,1.0928337346720012,2.192227689848905
syn3,RI_SE,sc,0.4189,1.456112840784363,1.0658593898658713,2.117556552712939,1.0199229985029603,2.04492244311419
syn3,RI_SE,sc,0.426,1.3565762312640057,0.9943524958528257,1.9711724170629916,0.9613810848199441,1.9142932989812482
syn3,RI_SE,sc,0.4331,1.2641466643813501,0.9277648274242275,1.8364205290896694,0.891170477566557,1.7749408783263325
syn3,RI_SE,sc,0.4402,1.1789643115299469,0.8656601787157056,1.709461071531424,0.8374724220502685,1.6581138211475481
syn3,RI_SE,sc,0.4473,1.100208402924607,0.8086880282926494,1.5919018857372889,0.7841334750316256,1.546463524596092
syn3,RI_SE,sc,0.45439999999999997,1.0278610157857926,0.7562989587388197,1.483692877393578,0.7238342789871177,1.43344709007343
syn3,RI_SE,sc,0.46149999999999997,0.9618102939565952,0.7081167286877798,1.3827862205518777,0.6773185448162283,1.336657041355203
syn3,RI_SE,sc,0.46859999999999996,0.9005856531733549,0.6636206993914551,1.2904940924335337,0.6312954375137715,1.2443598125332804
syn3,RI_SE,sc,0.47569999999999996,0.8441569720054429,0.6223255584668191,1.2060833366575163,0.5940397897975331,1.1650576687522853
syn3,RI_SE,sc,0.48279999999999995,0.7922319143248958,0.5849644395573768,1.1282387516143262,0.5635124156947551,1.0970677119670127
syn3,RI_SE,sc,0.48989999999999995,0.744202887100583,0.5500989138486524,1.0552912291273107,0.5322462684246397,1.030829488884152
syn3,RI_SE,sc,0.49699999999999994,0.7001145020827957,0.5179060891624446,0.9878906534915867,0.4997287249817027,0.9665616299535824
syn3,RI_SE,sc,0.5041,0.659268889639232,0.4880280382268187,0.9261365068707245,0.48428209283472234,0.9209778849812023
syn3,RI_SE,sc,0.5112,0.6217496672362529,0.4597187948993532,0.8695253753273858,0.4550543983903173,0.8632731358628367
syn3,RI_SE,sc,0.5183,0.5872069861366693,0.4337275695873743,0.8175720713136749,0.4284652004276991,0.8107702119897681
syn3,RI_SE,sc,0.5254,0.5554828333755983,0.4100063369810467,0.769568026603227,0.40906667200298547,0.7682926985245928
syn3,RI_SE,sc,0.5325,0.526103856031067,0.38777001495087327,0.7265674672001022,0.3845395710055658,0.722205859740928
syn3,RI_SE,sc,0.5396,0.49902332319398546,0.3677914373867389,0.6864956495314289,0.367014751856014,0.685086470669051
syn3,RI_SE,sc,0.5467,0.47391262569121095,0.34926658834393914,0.6496356843132918,0.3495809487869141,0.6498681785156873
syn3,RI_SE,sc,0.5538,0.4506758921673385,0.33133978201095377,0.6165043205826107,0.33129374409368795,0.6163827660414455
syn3,RI_SE,sc,0.5609,0.42908229852498003,0.3147870995568495,0.5857843209804341,0.31684471760351657,0.5875432811319414
syn3,RI_SE,sc,0.568,0.4090162934326345,0.29935041287627867,0.5588265421612085,0.3040464929984544,0.5627161335445954
syn3,RI_SE,sc,0.5751,0.3904260213729914,0.28484015883037117,0.5329301320935587,0.289415726642825,0.53684813179352
syn3,RI_SE,sc,0.5821999999999999,0.37319390290348675,0.27112151880503255,0.5097344188592725,0.2769499234454144,0.5135556489575189
syn3,RI_SE,sc,0.5892999999999999,0.35706093548968854,0.2581147412015243,0.4880716323145509,0.2636180601520236,0.4916250209799188
syn3,RI_SE,sc,0.5963999999999999,0.34211148052138735,0.24640709801750138,0.4687702258919416,0.253094511291251,0.4733444174928299
syn3,RI_SE,sc,0.6034999999999999,0.3280092611041747,0.2359631963552027,0.4509442834432582,0.24131251041097615,0.4551462271509921
syn3,RI_SE,sc,0.6105999999999999,0.31473915463806956,0.22645301274927743,0.4346620267773215,0.2283772185686284,0.4360137347811501
syn3,RI_SE,sc,0.6176999999999999,0.30254791255908686,0.21716264402907787,0.41905985956032216,0.21786541604013737,0.4193892395389391
syn3,RI_SE,sc,0.6247999999999999,0.2911163621499457,0.20830526904901553,0.40494231826630284,0.20308477287102333,0.39934022550459625
syn3,RI_SE,sc,0.6318999999999999,0.28038110994717996,0.2000159379385711,0.3916196849522061,0.19879416964202687,0.389815913062849
syn3,RI_SE,sc,0.639,0.27023897400067765,0.1923070253379883,0.37976057044838585,0.1904362451652557,0.37721133743738877
syn3,RI_SE,sc,0.6461,0.2607148581485445,0.18509393022933743,0.36901102360206034,0.1844521908972562,0.3680138310350014
syn3,RI_SE,sc,0.6532,0.25174084502340366,0.17800172539545722,0.35901470371463373,0.17740098738351612,0.35798247607554784
syn3,RI_SE,sc,0.6603,0.24332810744584898,0.17122226781921285,0.3496777944924288,0.17062389999872354,0.3488557780820994
syn3,RI_SE,sc,0.6674,0.2355318693303423,0.16451179766193488,0.3410213096289892,0.16597791680119214,0.3423038147079482
syn3,RI_SE,sc,0.6745,0.22831758947419806,0.15816680498780045,0.3328444135884351,0.15751978115307327,0.33203255948708243
syn3,RI_SE,sc,0.6816,0.22146886035834293,0.15221032290405667,0.32532529756842826,0.1503909594701357,0.32334125780823453
syn3,RI_SE,sc,0.6887,0.21497503670632898,0.1465800434920914,0.31845879982402064,0.14331955363335402,0.3148522689241112
syn3,RI_SE,sc,0.6958,0.20878474247106732,0.14134138340218066,0.31181968325802556,0.12606799269073504,0.29606138699351703
syn3,RI_SE,sc,0.7029,0.2028931243030066,0.1362592585340201,0.30561075132017307,0.12191018252073281,0.2905136702897951
syn3,RI_SE,sc,0.71,0.19733676206370615,0.13144544438569228,0.2997632778832164,0.11793821272731408,0.2853722355847329
syn3,DIS,bc,0.0071,5.27639497981341,3.32324210775321,9.93161543001252,2.95296426660562,8.96290415151139
syn3,DIS,bc,0.0142,9.27263108702723,5.29955183124128,20.3661183126166,4.56408760202408,17.8836852037558
syn3,DIS,bc,0.0213,12.4217309530463,6.90324627476067,27.8213859009108,5.89339394066529,24.5614177430929
syn3,DIS,bc,0.0284,14.8203515178806,8.15387154050816,32.7645873083036,6.8896162694308,28.8943125888018
syn3,DIS,bc,0.0355,17.438661722545,9.45854098133177,38.2283294394109,8.06085572000034,34.1907592382059
syn3,DIS,bc,0.0426,19.222499284619,10.3465398705692,42.5827443458635,8.59027357978763,37.7994475067457
syn3,DIS,bc,0.0497,20.3491231573349,10.8707002193415,45.1919354349206,9.22217971999651,40.248582833882
syn3,DIS,bc,0.0568,20.590709140445,10.9671027336716,44.9366398239111,9.32519775570032,39.8818440319726
syn3,DIS,bc,0.0639,20.267917743528,10.8899385150118,43.2912215610128,9.08691713911042,38.8150517410118
syn3,DIS,bc,0.071,22.178897162832,11.772190039831,49.3932331648086,9.50127239592462,43.583118256067
syn3,DIS,bc,0.0781,22.1475749271539,11.6963841755164,49.0116246280029,9.48062937425566,43.2740070904976
syn3,DIS,bc,0.0852,20.0293193298692,10.661108722049,42.449919382811,9.07954657374966,38.1815723981822
syn3,DIS,bc,0.0923,18.9891152722446,10.1252206072236,39.7031199588369,8.36967529352925,35.6153717988397
syn3,DIS,bc,0.0994,17.3024307394415,9.0861645943314,35.5369193796342,7.63752316044,32.2075253931991
syn3,DIS,bc,0.1065,17.6753788709985,9.30309218081625,37.3113281630589,7.64676497580946,33.3352172877277
syn3,DIS,bc,0.1136,17.456197617344,9.25689704783408,36.9053532225492,7.80239119168915,33.1416168396305
syn3,DIS,bc,0.1207,18.1377603234092,9.61224602906895,39.6625159686502,7.75610311904817,34.9682985234472
syn3,DIS,bc,0.1278,17.0992165830022,9.01178349712223,36.8887410243354,7.5804233500193,32.9488379556345
syn3,DIS,bc,0.1349,15.7574093190861,8.37250300964376,33.3353947718265,7.15799632424969,29.9964296295988
syn3,DIS,bc,0.142,15.0590229851102,8.07893052355284,31.9327482870672,6.8107747630762,28.542619982046
syn3,DIS,bc,0.1491,14.0072471204717,7.58386959863453,29.3209431957772,6.41373672639506,26.3365792213354
syn3,DIS,bc,0.1562,11.6065216145595,6.2534573336447,23.3026601708595,5.29165406286706,21.0776349606341
syn3,DIS,bc,0.1633,10.5804376251741,5.73589793097101,21.0721947618299,4.88022547841497,19.0707492790041
syn3,DIS,bc,0.1704,9.05636295942617,4.88928801613009,17.7656037107532,4.17086082149624,16.2411764879008
syn3,DIS,bc,0.1775,8.25621167881837,4.38470115084699,16.1346181721076,3.69665172773869,14.7564253203625
syn3,DIS,bc,0.1846,8.6561606100063,4.6637091927559,17.3761279738374,3.9324981424417,15.7586952354299
syn3,DIS,bc,0.1917,8.53211543288366,4.53500217798717,17.3664505693661,3.81770240961888,15.716988242858
syn3,DIS,bc,0.1988,8.54038732122981,4.57117256186705,17.6804359023596,3.81742100076401,15.8436019391605
syn3,DIS,bc,0.2059,8.15714764379048,4.3132882964205,17.0590521944303,3.60584132356573,15.2599696648479
syn3,DIS,bc,0.213,7.98892241538404,4.19565692082332,16.7792110951763,3.47632598984148,15.0391816333116
syn3,DIS,bc,0.2201,7.4529139670059,3.84501738907917,15.7295424341719,3.25947234546999,14.1614421409739
syn3,DIS,bc,0.2272,7.69250031282232,3.97501813618017,16.7367696947259,3.36697269764846,14.9209334280726
syn3,DIS,bc,0.2343,8.26907841057371,4.24816265826892,18.7584841350932,3.48420821259551,16.5960167962289
syn3,DIS,bc,0.2414,8.04883431005019,4.13037401992915,18.4205422709581,3.28409456133137,16.1270503401158
syn3,DIS,bc,0.2485,7.65914072988238,3.90212910637654,17.740689899356,3.07028581261138,15.4262979665177
syn3,DIS,bc,0.2556,7.06603880353544,3.5620183419339,16.4365253006934,2.88580105132185,14.3999057706636
syn3,DIS,bc,0.2627,6.93390543565802,3.50004010963626,16.478598712461,2.7885751789745,14.2562156982966
syn3,DIS,bc,0.2698,6.6290472437736,3.32540137137729,15.6583835915233,2.65698685376218,13.6030128871906
syn3,DIS,bc,0.2769,6.65781005259772,3.32742367654462,16.3152590117766,2.67760312733539,13.9939604398999
syn3,DIS,bc,0.284,6.11938812583299,3.04811722350979,14.8998263794923,2.4063143997709,12.8180577951143
syn3,DIS,bc,0.2911,5.94285584563871,2.94204014054095,14.783343722067,2.3301809651829,12.6360342556248
syn3,DIS,bc,0.2982,5.60370554719079,2.76119045103026,14.2040860666865,2.2333046687904,12.1007821880471
syn3,DIS,bc,0.3053,4.82088539448657,2.33890403620437,12.0248221612503,1.83445491216374,10.2980484199782
syn3,DIS,bc,0.3124,4.64760472099704,2.22453343744421,11.9074273054222,1.73969853658258,10.1561645694119
syn3,DIS,bc,0.3195,5.08040800454343,2.4357920824115,13.8687231982971,1.83959455206559,11.591431005808
syn3,DIS,bc,0.3266,5.14135294583044,2.45457590271849,14.7333954441536,1.89326210299375,12.2003901353533
syn3,DIS,bc,0.3337,4.76151120738551,2.26223301397089,13.9031946079417,1.64903374061685,11.3369010251189
syn3,DIS,bc,0.3408,4.0867452244008,1.93486200360476,11.7284188118818,1.47867291891832,9.69110819330979
syn3,DIS,bc,0.3479,3.40316477033844,1.57509259654991,9.801806391841,1.15295186808421,8.09664838286953
syn3,DIS,bc,0.355,3.18495253471921,1.46724181758253,9.61258419529645,1.08821732338187,7.82217261558039
syn3,DIS,bc,0.3621,2.89723033199152,1.3040605871342,8.99112446306555,0.907779239238924,7.25044844822997
syn3,DIS,bc,0.3692,2.96598362937557,1.33350402243169,9.73931975100229,0.973202720910952,7.73237202571224
syn3,DIS,bc,0.3763,2.9946022806239,1.32726295946675,10.3003024163868,0.923459044514933,8.16698831812263
syn3,DIS,bc,0.3834,2.76116162211395,1.18901651624941,9.88465792394138,0.798461805728276,7.76434609947147
syn3,DIS,bc,0.3905,2.70739181176662,1.14427200293018,10.0882880238571,0.790210166913495,7.95208261341277
syn3,DIS,bc,0.3976,2.63715012858983,1.08867946714234,10.2092901051962,0.682944988703466,7.96891136068124
syn3,DIS,bc,0.4047,2.36530032204685,0.945467349578325,9.36135723013263,0.631250375259067,7.37708056409413
syn3,DIS,bc,0.4118,2.09547433384187,0.776734994303759,8.7624786260709,0.452040405411863,6.82380854567763
syn3,DIS,bc,0.4189,2.44198749042625,0.903266970473794,11.2093696639624,0.562019486699293,8.51672296764024
syn3,DIS,bc,0.426,2.70426814919057,0.97368737720823,13.3177631584937,0.5637826249191,9.94629674763998
syn3,DIS,bc,0.4331,2.82587863863928,0.986740757641738,14.6180464750137,0.557689856297679,10.849331506329
syn3,DIS,bc,0.4402,2.80824004018099,0.954738016043429,15.0277123503351,0.531348287277868,11.0809939504989
syn3,DIS,bc,0.4473,2.88377413697857,0.949986492926997,16.0968487850676,0.521630802319802,11.9150208714271
syn3,DIS,bc,0.4544,3.01869398379209,0.965862002814024,17.830015021176,0.525321431548548,12.9610155400423
syn3,DIS,bc,0.4615,3.03414214350407,0.936870189771223,18.6111686094588,0.477962472872101,13.3230154690477
syn3,DIS,bc,0.4686,2.95144335561217,0.879416536729065,18.3318478517743,0.436183706180198,13.2661449037239
syn3,DIS,bc,0.4757,2.95769898642044,0.852385798696746,18.9452664468296,0.395896086760834,13.7652067964355
syn3,DIS,bc,0.4828,3.0477801674463,0.847373888329146,20.3395189681644,0.399221520688495,14.5410206648986
syn3,DIS,bc,0.4899,3.26290118295463,0.875006923722533,22.703392236905,0.380510253417185,16.3026501925374
syn3,DIS,bc,0.497,3.40281089487154,0.891133780791092,24.7830690337075,0.43615481738158,17.6882439069485
syn3,DIS,bc,0.5041,3.4351204375156,0.872317474386191,25.5986839455928,0.41827099196729,18.2520230568113
syn3,DIS,bc,0.5112,3.62172892722594,0.899110865903719,27.9974672445996,0.381973272163007,19.8522042665762
syn3,DIS,bc,0.5183,3.75099372999489,0.911265488852524,29.8962393425109,0.386853836569102,21.0632510150383
syn3,DIS,bc,0.5254,3.76386982516024,0.889883911232799,30.771082433529,0.391041872703778,21.6848783981384
syn3,DIS,bc,0.5325,3.71099423276988,0.845926282558258,30.8133742386487,0.330022288007577,21.6495416630089
syn3,DIS,bc,0.5396,3.55679638450513,0.794113674863534,29.7652352927697,0.299529392996044,21.1016559190568
syn3,DIS,bc,0.5467,3.30643159204948,0.713124644975369,28.2975148880099,0.268041699507858,19.9052854536372
syn3,DIS,bc,0.5538,3.2529544469683,0.669206435051369,28.3733405371286,0.282662498030382,20.047300415713
syn3,DIS,bc,0.5609,3.3469812768292,0.667647077575787,30.0615945593342,0.258478197994993,20.997212535397
syn3,DIS,bc,0.568,3.35101348004773,0.650975339875193,30.8276679516976,0.256957201703478,21.2723174734733
syn3,DIS,bc,0.5751,3.28312493705558,0.610237515515986,30.6003528858468,0.228801114005452,21.3565441702027
syn3,DIS,bc,0.5822,3.39693715276795,0.611281102019619,32.5447816691426,0.23779935426473,22.4863477907993
syn3,DIS,bc,0.5893,3.4232657704206,0.594965964035946,33.8002053690486,0.210147267769802,23.133710422637
syn3,DIS,bc,0.5964,3.38604267470087,0.56487419146884,34.1453897428324,0.215635614976977,23.3030608799641
syn3,DIS,bc,0.6035,3.25167085066634,0.528992661105009,33.2933165781251,0.182675764183278,22.6139343030517
syn3,DIS,bc,0.6106,3.06233103860473,0.482955014265514,31.426839703975,0.170670091089252,21.6623367653059
syn3,DIS,bc,0.6177,2.80153430091613,0.426110255856609,28.7541178230511,0.147498984872456,19.8465485368947
syn3,DIS,bc,0.6248,2.70263738477404,0.393270422115321,27.70304546936,0.131166429146653,19.2771225633563
syn3,DIS,bc,0.6319,2.53959511324138,0.349169229702934,26.0391667926318,0.112106954353561,18.1936329953338
syn3,DIS,bc,0.639,2.32004650483853,0.302231728909621,23.7545247995589,0.0991488424023368,16.5631635655498
syn3,DIS,bc,0.6461,2.22910164344975,0.274086339317292,23.1693752319214,0.0829111651902469,16.1742285313399
syn3,DIS,bc,0.6532,2.0738520366297,0.236516276333947,21.7958527476978,0.066447907656942,15.2342015824355
syn3,DIS,bc,0.6603,1.84850300735754,0.190042118426086,19.3937738595243,0.0392331217456835,13.6381742372838
syn3,DIS,bc,0.6674,1.86083382403112,0.177837033973932,20.2536294833813,0.0330779982380521,14.1087762462275
syn3,DIS,bc,0.6745,1.80988709279153,0.161134884863049,20.0181810157496,0.0260590978779194,13.9031453282365
syn3,DIS,bc,0.6816,1.68665916377404,0.137177603407122,19.1632501530123,0.0182821677045548,13.2067738870065
syn3,DIS,bc,0.6887,1.64325893992016,0.126201601953434,18.8957348770118,0.0200757197456296,13.0264311861649
syn3,DIS,bc,0.6958,1.5403095797742,0.109978614114813,17.9098432527088,0.0114164516802312,12.3564202110611
syn3,DIS,bc,0.7029,1.5403095797742,0.109978614114813,17.9098432527088,0.0114164516802312,12.3564202110611
syn3,DIS,bc,0.71,1.50023569015247,0.0996040407999322,18.1634687472829,0.0075200191079306,12.3666627360989
syn3,DIS,sc,0.0071,5.85514401043125,3.52579966770407,11.2823235209895,3.10448021553532,10.2483825774955
syn3,DIS,sc,0.0142,10.6553423391725,5.79426035676136,24.3038798444228,4.88588271067148,21.3073050931894
syn3,DIS,sc,0.0213,14.1616967532945,7.48372981944644,32.6286381144811,6.17966440543473,28.4848371205096
syn3,DIS,sc,0.0284,16.323797859688,8.67947787075088,37.0183353512569,7.33143925889915,32.7136690063098
syn3,DIS,sc,0.0355,19.0643186784117,9.92707863383292,43.7527357366405,8.11566534719734,38.5200688654459
syn3,DIS,sc,0.0426,20.8338623505888,10.6825706158237,49.0285549059443,8.63381546585472,43.0140158609594
syn3,DIS,sc,0.0497,21.6875217386418,11.0714027787005,50.0712629282672,8.96949973296267,43.9214082350083
syn3,DIS,sc,0.0568,21.6803746394551,10.9986718146324,48.7749348011865,9.08347645654639,43.5540715956422
syn3,DIS,sc,0.0639,20.6995577627987,10.4316492789789,46.0614822916681,8.65593106631847,41.141900819189
syn3,DIS,sc,0.071,23.5310083518995,11.6954954500763,55.1284044338588,9.70906887025932,48.7514444717021
syn3,DIS,sc,0.0781,23.3567659766128,11.6180603305883,54.4652158979295,9.14177478046515,47.7869544024007
syn3,DIS,sc,0.0852,20.6206949088132,10.4158165382148,45.4727956537184,8.5932138311532,40.6949965897451
syn3,DIS,sc,0.0923,19.3719723091775,9.70577672580317,42.7645566686765,7.90693642746172,38.0670550652079
syn3,DIS,sc,0.0994,16.067283709125,7.96624970588377,34.0528090186343,6.36996837982072,30.4940625434496
syn3,DIS,sc,0.1065,17.1719627646298,8.55884920822894,37.3304880692676,7.08203480529726,33.4194489823202
syn3,DIS,sc,0.1136,17.5814282517961,8.85862710289038,39.1272749951816,7.00576240053175,34.5423651838033
syn3,DIS,sc,0.1207,17.276398614351,8.63479761827499,38.4846729826661,7.26994865916256,34.3587430467499
syn3,DIS,sc,0.1278,16.3336197293349,8.27580381462348,36.0808224130794,6.74926080432291,32.0213348212998
syn3,DIS,sc,0.1349,15.0203402417646,7.54251141213686,32.67466919925,6.37408340014327,29.4206163343999
syn3,DIS,sc,0.142,14.5763759093434,7.38539628325628,31.9822376026007,6.19410554040045,28.5975138223652
syn3,DIS,sc,0.1491,13.7146740413893,7.03900660429876,29.9546537040551,5.75728276930313,26.6520091850287
syn3,DIS,sc,0.1562,11.037873497046,5.67979751616863,22.7819495813264,4.80228739318996,20.6342607325485
syn3,DIS,sc,0.1633,10.1582164544141,5.2884874821287,20.9250389250716,4.51180884753775,19.0121893990814
syn3,DIS,sc,0.1704,8.54740216349191,4.48760981991176,17.0402182321064,3.84783845272689,15.5624995839547
syn3,DIS,sc,0.1775,7.89401440781529,4.10679007598041,15.6063377938513,3.55150772425011,14.3090874284737
syn3,DIS,sc,0.1846,7.28801729040167,3.78840628321274,14.3489453268073,3.15006257869191,13.0986173191157
syn3,DIS,sc,0.1917,7.42373679107897,3.87346355566999,15.0406646157181,3.24765729629966,13.6503693566371
syn3,DIS,sc,0.1988,7.70247197894431,3.99660999159779,15.9797998055756,3.40678477380652,14.4613973234168
syn3,DIS,sc,0.2059,7.38380111353673,3.82019061961381,15.2978655115793,3.16668649003178,13.7691944147238
syn3,DIS,sc,0.213,7.31660908918702,3.76768350753501,15.3574756225149,3.169564766178,13.8232527776941
syn3,DIS,sc,0.2201,6.83368692293268,3.44952658605758,14.2335915444561,2.92205229666314,12.9451351590889
syn3,DIS,sc,0.2272,7.33460811882276,3.7071185095421,15.7489401559112,3.05409850410422,14.1238954023129
syn3,DIS,sc,0.2343,7.55582799642448,3.8157833349129,16.7121954067324,3.04813342963316,14.8100424609204
syn3,DIS,sc,0.2414,7.5275554099184,3.78574072275724,16.83390497903,3.02626840835779,14.886650429426
syn3,DIS,sc,0.2485,6.5422765337126,3.27378392464975,14.1599273981345,2.64574489418994,12.6749653304489
syn3,DIS,sc,0.2556,6.05902085619696,2.99277378351373,13.0377586727189,2.47974173320222,11.7560796078716
syn3,DIS,sc,0.2627,5.99115848099846,2.97675677825453,13.1138984993058,2.45879049411293,11.7511405133029
syn3,DIS,sc,0.2698,5.79419519811886,2.8480777599527,12.6631000628814,2.37924894793998,11.3821506669017
syn3,DIS,sc,0.2769,5.96693992433953,2.95163387801457,13.5094117108398,2.42184651386313,12.0032744367387
syn3,DIS,sc,0.284,5.37511821953288,2.67551180218409,11.9724270299268,2.18228470324733,10.6607478424018
syn3,DIS,sc,0.2911,5.30260248759038,2.63538817127001,11.930177255726,2.12407104906774,10.5962033955947
syn3,DIS,sc,0.2982,5.07628209889162,2.52857615868421,11.5810624115862,2.11363596838759,10.327216875799
syn3,DIS,sc,0.3053,4.32186019278068,2.14555752376479,9.52664866408317,1.73842951857247,8.48213053129049
syn3,DIS,sc,0.3124,3.49506619400981,1.69137369236822,7.48613682484944,1.38808910539338,6.74782965976279
syn3,DIS,sc,0.3195,4.10971837177328,2.00859249910946,9.21983917662685,1.59797135763458,8.16598100599905
syn3,DIS,sc,0.3266,4.2618044728822,2.08890760012856,10.1163693894505,1.66288887364955,8.89760229993004
syn3,DIS,sc,0.3337,3.99220737820715,1.94478140134437,9.34778053768566,1.55932411454631,8.19262161962439
syn3,DIS,sc,0.3408,3.33565229799479,1.65248022889282,7.43237925748281,1.32018804063265,6.60001752099526
syn3,DIS,sc,0.3479,2.69583158317567,1.33100325464831,5.72850431459092,1.11569677062051,5.1859771591373
syn3,DIS,sc,0.355,2.57328234561463,1.28728190265655,5.47994393659679,1.08463125910175,4.95507992672659
syn3,DIS,sc,0.3621,2.11089244367359,1.02710929831753,4.5405286717143,0.83677371580609,4.06948090476632
syn3,DIS,sc,0.3692,2.02715287068299,0.987635147508129,4.34631392656949,0.798627957507222,3.91264882987493
syn3,DIS,sc,0.3763,2.07769154934046,1.02404888465639,4.56745630810028,0.830299448539206,4.06680001792114
syn3,DIS,sc,0.3834,1.88440405569292,0.9139338776246,4.11862344563388,0.733917971565688,3.66800808488838
syn3,DIS,sc,0.3905,1.84501676007533,0.888728697606727,4.12921643336851,0.734716525653508,3.70335272149691
syn3,DIS,sc,0.3976,1.79007199266296,0.860366494000898,4.11275143554563,0.684025567805957,3.62421854484858
syn3,DIS,sc,0.4047,1.56087237691843,0.744714378016732,3.46378370961317,0.592247641863583,3.08391498732851
syn3,DIS,sc,0.4118,1.1914504468194,0.539432953513907,2.67631065406729,0.436183314791354,2.39892679235465
syn3,DIS,sc,0.4189,1.33624286451644,0.606231556124133,3.07919499189082,0.48565897129522,2.74193194895105
syn3,DIS,sc,0.426,1.51086604376208,0.673679683734555,3.71953799208367,0.509319634028377,3.2317564069884
syn3,DIS,sc,0.4331,1.58342089596556,0.705556517824842,4.03824360776755,0.510891088450595,3.4706705741993
syn3,DIS,sc,0.4402,1.53997750458938,0.678654968729582,3.95107114629299,0.504744582301745,3.40073192474036
syn3,DIS,sc,0.4473,1.40678373260235,0.602389823050081,3.56992293260841,0.458024655927945,3.11518560806836
syn3,DIS,sc,0.4544,1.4736180056249,0.629318350390649,3.88460908208336,0.442227624441386,3.31737788932014
syn3,DIS,sc,0.4615,1.45165063225524,0.618956586997328,3.8245573351059,0.450684786351833,3.31298523560304
syn3,DIS,sc,0.4686,1.35294831691711,0.564904568014103,3.62547858653859,0.408184284927468,3.11865880060357
syn3,DIS,sc,0.4757,1.31939466343552,0.536928945008357,3.62437894003794,0.401120059322708,3.13003164928566
syn3,DIS,sc,0.4828,1.34430592676668,0.542581391951485,3.84821722028554,0.375601548435008,3.24359827093217
syn3,DIS,sc,0.4899,1.3036657112681,0.521584666718747,3.82961937458605,0.359604429095237,3.20641463865231
syn3,DIS,sc,0.497,1.34333427994539,0.534643337608415,4.05110176471516,0.368233573535342,3.37204471887943
syn3,DIS,sc,0.5041,1.33922027529813,0.532827002315797,4.05705931516703,0.363486042905935,3.38773400228503
syn3,DIS,sc,0.5112,1.28170592766173,0.497589105550279,4.0089800950937,0.31697146001509,3.31930893912332
syn3,DIS,sc,0.5183,1.3096663781636,0.504681128601255,4.11301232917746,0.338269015379499,3.42028487554919
syn3,DIS,sc,0.5254,1.28365033845374,0.495180316366852,4.11152986924599,0.321332889729196,3.37794191201441
syn3,DIS,sc,0.5325,1.22362782905622,0.471546596984369,3.84737458596208,0.309287754366207,3.19009369096517
syn3,DIS,sc,0.5396,1.12823107930111,0.436554231329867,3.55610379582309,0.286339388501999,2.9325572954266
syn3,DIS,sc,0.5467,0.993938165841756,0.383000297095582,3.06049781600152,0.252553088318241,2.54177051977895
syn3,DIS,sc,0.5538,0.926659168861964,0.352572220936324,2.8851423999913,0.241210384612531,2.39169328361062
syn3,DIS,sc,0.5609,0.936373215481938,0.353827051186536,3.00204595922878,0.226112038776199,2.44217214413385
syn3,DIS,sc,0.568,0.904594185348031,0.341423253514605,2.98796123794972,0.222332507520568,2.44023395342485
syn3,DIS,sc,0.5751,0.852131747819573,0.316599104235549,2.80204313297474,0.205867706582099,2.30616606982374
syn3,DIS,sc,0.5822,0.772164980733102,0.289700805544158,2.53366483488767,0.191445040657462,2.08129157368705
syn3,DIS,sc,0.5893,0.759093898945488,0.285507398727416,2.53289779647177,0.180786335304628,2.04447699641509
syn3,DIS,sc,0.5964,0.717090184836222,0.273506711396735,2.38595438431207,0.181609458890389,1.93449875864869
syn3,DIS,sc,0.6035,0.661047172367796,0.251563555782964,2.18301797462032,0.162080922797999,1.77659227346884
syn3,DIS,sc,0.6106,0.589244790221463,0.225832451513011,1.90616553356992,0.147212691694452,1.562456211881
syn3,DIS,sc,0.6177,0.502417773236378,0.194663387801252,1.58110869607503,0.133636849732839,1.30928551669176
syn3,DIS,sc,0.6248,0.457409724877498,0.177092049093713,1.42322565503584,0.111540445594071,1.18256928927662
syn3,DIS,sc,0.6319,0.399762091987966,0.158594845798271,1.24463143517815,0.10676137371048,1.02832522297944
syn3,DIS,sc,0.639,0.334640728864761,0.131664832054638,1.00450271092977,0.0899215810984503,0.841520778254404
syn3,DIS,sc,0.6461,0.264947862340325,0.103939241972921,0.772880785238753,0.0715073664904009,0.653230603816971
syn3,DIS,sc,0.6532,0.220996491370591,0.0863801911398036,0.64282696086069,0.0596477209274368,0.540284282771943
syn3,DIS,sc,0.6603,0.173720962358724,0.0652773025007933,0.522764189281303,0.0443596521517285,0.43928949121327
syn3,DIS,sc,0.6674,0.142675356562917,0.0512837833439154,0.449795695077526,0.0334508278983513,0.3762423216414
syn3,DIS,sc,0.6745,0.125729217525777,0.0428992034789721,0.41844495272129,0.0268944172758631,0.345860885183765
syn3,DIS,sc,0.6816,0.10588986035028,0.0338453511048179,0.382405168302057,0.0189512329004671,0.308943043022201
syn3,DIS,sc,0.6887,0.0941265601090199,0.0273675695685593,0.373178494096034,0.0136178219967413,0.296480266992898
syn3,DIS,sc,0.6958,0.0805468646733729,0.020728618256146,0.358667690050339,0.011101548355966,0.281667949758087
syn3,DIS,sc,0.7029,0.0668313906693127,0.013242073536006,0.330746815675638,0.0053487362778173,0.259426090412581
syn3,DIS,sc,0.71,0.0668313906693127,0.013242073536006,0.330746815675638,0.0053487362778173,0.259426090412581
syn4,RI_BM,bc,0.0055000000000000005,18.466122091001225,9.63021225522482,49.631360353791266,7.757273201089083,41.49212146316236
syn4,RI_BM,bc,0.011000000000000001,19.550044097004026,10.315397378839972,55.32264101883462,8.258775690849752,45.00285361704986
syn4,RI_BM,bc,0.0165,19.459620235982506,10.659609097642399,50.84899699582537,8.567315183176541,42.212872225261435
syn4,RI_BM,bc,0.022000000000000002,18.721345414146455,10.408098503136607,45.84152755517945,8.441917435164319,38.61308055953618
syn4,RI_BM,bc,0.027500000000000004,17.701126989130174,9.925096930424356,41.00058323319296,8.115521186957174,34.90857933681295
syn4,RI_BM,bc,0.033,16.40513122229025,9.582902026873844,33.1726108681072,8.294107436312514,29.796556810447083
syn4,RI_BM,bc,0.038500000000000006,16.179279294009476,9.436392398718787,32.93498191496818,7.949667745779586,29.33360304009156
syn4,RI_BM,bc,0.044000000000000004,16.71651539931151,9.635167135525002,41.31532079051332,7.804345977932402,34.37174953970878
syn4,RI_BM,bc,0.0495,16.224012653923463,9.441824210419846,39.62469119364999,7.601009532957148,32.605852962629385
syn4,RI_BM,bc,0.05500000000000001,14.892417997752226,8.788546795422118,32.572069165643754,7.563244747141769,28.329440643598026
syn4,RI_BM,bc,0.060500000000000005,14.04563855484534,8.380316812364393,28.56387951534098,7.435853567158285,25.740841067178867
syn4,RI_BM,bc,0.066,13.023195793398695,7.8583611748426865,24.4851503770758,6.912276309699332,22.35198443163863
syn4,RI_BM,bc,0.07150000000000001,12.291043002512993,7.363927975588731,22.510538961047168,6.566569689993795,20.830884495028158
syn4,RI_BM,bc,0.07700000000000001,11.772912147124956,7.093235589767888,20.679141612655712,6.462004195239485,19.31951551695217
syn4,RI_BM,bc,0.0825,11.615747079628324,6.936424733592201,20.364059864431734,6.250785393733088,18.947168655973424
syn4,RI_BM,bc,0.08800000000000001,11.864508103364873,7.133853241580438,21.80785355846283,6.273929349493178,19.98882008648055
syn4,RI_BM,bc,0.09350000000000001,12.158602815259563,7.2297763825851895,23.21960124478645,6.3792298552662565,21.19571517346699
syn4,RI_BM,bc,0.099,12.432443419079055,7.360868224681136,23.826004952161963,6.468675107861145,21.75045191072292
syn4,RI_BM,bc,0.10450000000000001,12.993034506555965,7.615894109125102,25.93246237815269,6.679231073677292,23.44796110355189
syn4,RI_BM,bc,0.11000000000000001,14.269714331172912,8.155887127286686,32.60080574150089,6.732474895515626,27.908038822924198
syn4,RI_BM,bc,0.1155,15.512058565907298,8.639474929572291,45.24407583316434,6.684121335763523,35.67487699274959
syn4,RI_BM,bc,0.12100000000000001,16.37927738632162,8.852339308497559,58.0470842407845,6.594191509303801,42.691388235334934
syn4,RI_BM,bc,0.1265,16.509835951890324,8.940192310939075,56.89563893879261,6.736966601531241,41.93430089315118
syn4,RI_BM,bc,0.132,15.538401615650184,8.812083236199868,37.6038526913537,7.530690537275517,32.29101946308241
syn4,RI_BM,bc,0.1375,15.929171045354298,8.699716183957971,46.64704980254896,6.468253800811275,36.4192358712593
syn4,RI_BM,bc,0.14300000000000002,15.469591410820446,8.717676778874246,40.56333144702777,7.133656398041233,33.41508099154522
syn4,RI_BM,bc,0.14850000000000002,15.012134290184992,8.562069828710802,35.41558099960979,7.127822719231383,30.14266348478348
syn4,RI_BM,bc,0.15400000000000003,15.092433193032527,8.417426131194805,38.86523762718449,7.109962826612204,32.31393086440111
syn4,RI_BM,bc,0.1595,15.337436971554347,8.369765248472746,45.28823684093492,6.785861721122834,36.04713177211134
syn4,RI_BM,bc,0.165,14.918182731079323,8.150795745111326,42.08697468878501,6.431429076285812,33.888600529142444
syn4,RI_BM,bc,0.1705,14.571392213713214,7.905398125146652,44.50498438532274,6.241431491127177,34.61516578067411
syn4,RI_BM,bc,0.17600000000000002,13.704911110958726,7.691127697337832,36.24517489494721,6.2949875254469365,29.94829885457264
syn4,RI_BM,bc,0.18150000000000002,12.786191635647459,7.31606196284087,30.997207789400605,6.114410653254639,26.098975769357494
syn4,RI_BM,bc,0.18700000000000003,11.619215242198003,6.827875118467879,25.06756951977775,5.786450881031858,21.82906384265467
syn4,RI_BM,bc,0.19250000000000003,10.859811134812833,6.502512773033724,22.16092401944281,5.700960476537435,19.648451778088592
syn4,RI_BM,bc,0.198,10.949055038958843,6.432937057762349,24.08662556556942,5.494157636398911,20.894468066395326
syn4,RI_BM,bc,0.20350000000000001,10.732257989906174,6.251622252414608,25.694984969888882,5.265706162022271,21.434703223926522
syn4,RI_BM,bc,0.20900000000000002,10.326041125137609,6.088251369553781,23.302678135635336,5.228405355143639,20.06952703419917
syn4,RI_BM,bc,0.21450000000000002,9.903799584963824,5.849296430639669,21.261119173299107,4.985840940336739,18.544761697339133
syn4,RI_BM,bc,0.22000000000000003,9.533939673118851,5.679159631202216,21.313652502626457,5.009315868299526,18.39615374847492
syn4,RI_BM,bc,0.22550000000000003,8.92028738597681,5.372545637867004,18.538168906983906,4.57508159375152,16.213430005173517
syn4,RI_BM,bc,0.231,8.312055834441114,5.050316262123989,15.93988028563439,4.354001617335636,14.336261743628995
syn4,RI_BM,bc,0.23650000000000002,7.83687601227632,4.745364054774963,14.656179911361564,4.2269287497065875,13.374323591369006
syn4,RI_BM,bc,0.24200000000000002,7.466443171282802,4.550774806202143,14.026184818695912,4.026154513986557,12.6885345137303
syn4,RI_BM,bc,0.24750000000000003,7.045963921515238,4.340772740072298,12.803616211097188,3.8683580056413667,11.716087284821656
syn4,RI_BM,bc,0.253,6.652699996064152,4.150652579734695,11.883291131603402,3.761247376590981,10.9821324477837
syn4,RI_BM,bc,0.2585,6.345676809509735,3.911188469764011,11.287718312526998,3.5382072654884538,10.457766834738948
syn4,RI_BM,bc,0.264,6.246558897991158,3.8452050524047983,11.211712201544747,3.4380376284742153,10.340010689530944
syn4,RI_BM,bc,0.2695,6.1646870346965414,3.719112998626511,11.372173668212302,3.3494464320486137,10.522867593402076
syn4,RI_BM,bc,0.275,6.141468977106015,3.7136741885822464,11.496818564981973,3.3006986722015683,10.49235559949067
syn4,RI_BM,bc,0.2805,6.077561633774735,3.6209257989384724,11.547051307334124,3.187013139212178,10.432947811486965
syn4,RI_BM,bc,0.28600000000000003,5.995173198387012,3.5686024100667506,11.5333415212828,3.1722579401380258,10.465006559934215
syn4,RI_BM,bc,0.29150000000000004,5.854493211128654,3.503102433977089,11.286225838157147,3.0419384978092627,10.163554742505662
syn4,RI_BM,bc,0.29700000000000004,5.78903367382952,3.4365283352618508,11.26903383551684,3.0000164899361637,10.166405630909637
syn4,RI_BM,bc,0.30250000000000005,5.7646967638125775,3.35890397157087,11.464419700220798,2.9344083223100577,10.315865073134482
syn4,RI_BM,bc,0.30800000000000005,5.760172612371978,3.321061131396215,11.984304110875302,2.8197085883967397,10.645187812944735
syn4,RI_BM,bc,0.31350000000000006,5.745707751640756,3.2773772394221843,12.093337928946246,2.7779070284807923,10.751729309173527
syn4,RI_BM,bc,0.319,5.695384504881615,3.205089465581358,12.323473475951566,2.7406634585800673,10.876809056508083
syn4,RI_BM,bc,0.3245,5.624614718221521,3.138780187336314,12.222267306164717,2.707875828168618,10.83594685837223
syn4,RI_BM,bc,0.33,5.4942195367671145,3.041459212561157,11.916259533948148,2.6123511319211445,10.544282044474045
syn4,RI_BM,bc,0.3355,5.385459330235461,2.966748646243622,11.739556381996497,2.4982512824472054,10.400652433232615
syn4,RI_BM,bc,0.341,5.238408819182146,2.874514235655283,11.203572208732352,2.429681048958666,9.949496035677873
syn4,RI_BM,bc,0.34650000000000003,5.075652305250128,2.7892565167942034,10.704827389625152,2.412352966382466,9.584258268962177
syn4,RI_BM,bc,0.35200000000000004,4.933741814582204,2.7268325210965507,10.269276379872814,2.3173634160912027,9.194925075532124
syn4,RI_BM,bc,0.35750000000000004,4.857726861855776,2.634723182476881,10.070217884929992,2.2030698121892724,8.990939638696515
syn4,RI_BM,bc,0.36300000000000004,4.8242085114257875,2.6043772748879435,10.09205298917516,2.2007342644073162,9.00754570177195
syn4,RI_BM,bc,0.36850000000000005,4.808526076140877,2.5822308081262113,10.258575336912529,2.165093295136252,9.087968873927627
syn4,RI_BM,bc,0.37400000000000005,4.775969789300622,2.527779964716909,10.254542552345129,2.1486055846677243,9.120866527800796
syn4,RI_BM,bc,0.37950000000000006,4.733580898881882,2.490210925214193,10.253446242013295,2.0779474025522773,9.093353135704618
syn4,RI_BM,bc,0.38500000000000006,4.679189277702109,2.435916691354013,10.217859982595094,1.9952458001348545,9.063233192578474
syn4,RI_BM,bc,0.3905,4.692291017938547,2.382062769849644,10.445670294430027,1.9782823097237736,9.270576151026637
syn4,RI_BM,bc,0.396,4.696810370584493,2.375866998019327,10.842142305249105,1.9381260369976032,9.479988880834231
syn4,RI_BM,bc,0.4015,4.6924238597501295,2.3655771946550295,11.33515801135419,1.940763437687291,9.829722698265936
syn4,RI_BM,bc,0.40700000000000003,4.692984932233111,2.3407923046540793,11.569124238209339,1.9068367694752886,10.00892700800007
syn4,RI_BM,bc,0.41250000000000003,4.690133780411205,2.333046374986811,11.505568943157291,1.8248996024711508,9.917502014122942
syn4,RI_BM,bc,0.41800000000000004,4.659940709114662,2.313578364439846,11.546739756669245,1.8433613693887139,9.91947465724833
syn4,RI_BM,bc,0.42350000000000004,4.628300068827583,2.273319731144222,11.467185028951306,1.7637264458949315,9.820331983014432
syn4,RI_BM,bc,0.42900000000000005,4.5833486738493185,2.2287664430250596,11.327801581027607,1.80073908066855,9.850217328684986
syn4,RI_BM,bc,0.43450000000000005,4.528137902201208,2.1987366406050826,11.082620674626279,1.7619576428210149,9.602305863683009
syn4,RI_BM,bc,0.44000000000000006,4.483027749919516,2.1656730784405687,10.824977338221533,1.742820113100061,9.401753114451923
syn4,RI_BM,bc,0.44550000000000006,4.452199749393937,2.147452449016306,10.819455332439254,1.6883985698573825,9.402288257738714
syn4,RI_BM,bc,0.45100000000000007,4.431988612020023,2.12538378776983,10.736686996995713,1.709165847116215,9.354799311712902
syn4,RI_BM,bc,0.4565000000000001,4.38598587137256,2.096820704259155,10.623026334387841,1.7142855259016674,9.22955205189829
syn4,RI_BM,bc,0.462,4.375675010221395,2.072912637465335,10.68151702084042,1.719900848030826,9.339776001239443
syn4,RI_BM,bc,0.4675,4.4001597047431575,2.0675115159915065,11.269824876078841,1.6664925201707275,9.704358769223067
syn4,RI_BM,bc,0.47300000000000003,4.436972596274561,2.067575009086383,12.03345350622981,1.6214451529814553,10.130431176489648
syn4,RI_BM,bc,0.47850000000000004,4.486610045970881,2.0723624414469954,12.615893457481803,1.630271341640006,10.48520373214806
syn4,RI_BM,bc,0.48400000000000004,4.515990440020564,2.0544188029263064,13.086375156322195,1.575952756791612,10.818024408288634
syn4,RI_BM,bc,0.48950000000000005,4.549037026703063,2.0585740652242386,13.428492201393091,1.5559794191667076,11.062261901542623
syn4,RI_BM,bc,0.49500000000000005,4.574950618779461,2.033983171043637,13.897018217007671,1.5512574230174112,11.36138784808837
syn4,RI_BM,bc,0.5005000000000001,4.595390155161289,2.0521851531672004,14.01014472315929,1.5585536675560423,11.494515210714274
syn4,RI_BM,bc,0.506,4.596966198482693,2.036720400658896,14.114541304873299,1.5088186955001903,11.46504001477118
syn4,RI_BM,bc,0.5115000000000001,4.599256405250176,2.017020445355969,14.328665895057982,1.476351924063496,11.621906384127891
syn4,RI_BM,bc,0.517,4.575367390424825,1.994378008057364,14.189540265656044,1.4703507455494471,11.54125630973089
syn4,RI_BM,bc,0.5225000000000001,4.569926619507774,1.9960711205397135,14.246835683869115,1.4786429192358972,11.555334852725371
syn4,RI_BM,bc,0.528,4.559516456319902,1.9876157492988566,14.31918658966504,1.4918141016901447,11.731039746383708
syn4,RI_BM,bc,0.5335000000000001,4.573232021710417,1.9868235965277121,14.922496470427353,1.4590970209030214,12.147724454134346
syn4,RI_BM,bc,0.539,4.595082851756306,1.9769331660477343,15.92628724809131,1.3898771179686065,12.595467711603801
syn4,RI_BM,bc,0.5445000000000001,4.609338809112444,1.9888175075722825,16.913734390313408,1.433301810878256,13.137344410646065
syn4,RI_BM,bc,0.55,4.612352698953915,1.9705338753123671,17.77475498888381,1.404935841083752,13.548252365027269
syn4,RI_BM,sc,0.0055000000000000005,14.510689601994262,7.100570852637192,50.100805335431005,5.196518669082958,37.7863563468465
syn4,RI_BM,sc,0.011000000000000001,16.414948798971587,8.100233128471578,78.98702865838239,5.931220851890078,52.541824068960786
syn4,RI_BM,sc,0.0165,15.748940801548791,8.06879075682036,49.540600795194045,6.575367446091695,39.6274894574923
syn4,RI_BM,sc,0.022000000000000002,14.680880457482003,7.633548921491731,44.179647974646564,6.053150436738213,35.29887605970125
syn4,RI_BM,sc,0.027500000000000004,13.914459958564368,6.870125769273535,40.20746711505744,5.255794325964528,31.969964435171427
syn4,RI_BM,sc,0.033,12.436463196285452,6.969372959828304,29.885458234001618,5.689655443227418,25.402165685711843
syn4,RI_BM,sc,0.038500000000000006,12.036402551126798,6.619619810896131,29.030491233614693,5.306970387568092,24.412539198973988
syn4,RI_BM,sc,0.044000000000000004,14.616529221382113,7.552017526898085,56.550667042897196,5.789959233411143,40.737374328037575
syn4,RI_BM,sc,0.0495,14.44912098358262,7.518030611686386,63.39475667498392,5.4577935911008675,43.697187891795764
syn4,RI_BM,sc,0.05500000000000001,12.73489560950346,7.009013517847887,41.896079959979716,5.653135075481092,31.783607212438223
syn4,RI_BM,sc,0.060500000000000005,10.934707301972423,6.314359165392714,26.37314470150283,5.308306618311086,22.373009163134196
syn4,RI_BM,sc,0.066,9.795269091459765,5.775455214101324,20.594870730417757,5.064929654819938,18.263109068346555
syn4,RI_BM,sc,0.07150000000000001,8.873692454712913,5.338436268003159,17.477097837648543,4.643411131439447,15.604483333809798
syn4,RI_BM,sc,0.07700000000000001,8.225238279117907,5.101799791910786,15.56976636623722,4.470496221280461,13.988665958910705
syn4,RI_BM,sc,0.0825,8.16279893291886,4.913710801107054,14.722715331774829,4.366636166215825,13.505540033938646
syn4,RI_BM,sc,0.08800000000000001,8.572306339555462,5.089967108032943,17.45065617583668,4.334124484327753,15.472131207151364
syn4,RI_BM,sc,0.09350000000000001,8.720863927510653,5.2470947148370275,19.620642270407135,4.515474212518681,16.860396320375123
syn4,RI_BM,sc,0.099,8.717683506281045,5.32759816515729,18.29646335236313,4.6074872273147305,16.14295566910918
syn4,RI_BM,sc,0.10450000000000001,9.273242676810522,5.541964461882613,18.651041886045565,4.790700431687759,16.58528306962206
syn4,RI_BM,sc,0.11000000000000001,10.877231386037755,5.926723664357416,31.17621032938529,4.951843827373756,24.981308510334202
syn4,RI_BM,sc,0.1155,13.599469026176385,6.660612304317059,67.8625005908149,4.6168505722709385,44.4372036475857
syn4,RI_BM,sc,0.12100000000000001,15.43773983420288,6.890373649056762,136.97274944073132,4.574759278175547,76.59214930834327
syn4,RI_BM,sc,0.1265,14.937081612321412,6.893001561903859,105.42981940490851,4.96086158817251,62.50690610686189
syn4,RI_BM,sc,0.132,12.44012322348292,6.73849494529497,34.75716122327033,5.457103577536615,28.63873427066315
syn4,RI_BM,sc,0.1375,13.117732553799913,6.645319685278556,61.43092955515936,4.681356104586937,41.18395126128654
syn4,RI_BM,sc,0.14300000000000002,12.071658708558836,6.183651001006162,43.314009517909156,4.664029089922059,32.387868448711984
syn4,RI_BM,sc,0.14850000000000002,11.724700144866752,6.014371830028758,31.754940042596136,4.881422626583744,25.981222466507795
syn4,RI_BM,sc,0.15400000000000003,11.733275115749805,6.150883618695389,37.871039609391296,4.721887760563652,29.22579269953505
syn4,RI_BM,sc,0.1595,12.551499299674466,6.501717154482251,60.069964829751704,4.6505987130719735,40.180821114524065
syn4,RI_BM,sc,0.165,12.377209263907908,6.293304164475063,45.05670959085301,4.7613202150809,33.88120840050858
syn4,RI_BM,sc,0.1705,12.372048167010597,6.154174036133771,62.45966684052073,4.143182219215628,41.36650974626678
syn4,RI_BM,sc,0.17600000000000002,11.197122777258203,5.953299112344056,39.11607138969705,4.76732407262535,29.640709169564474
syn4,RI_BM,sc,0.18150000000000002,10.067033996856903,5.465472050344257,31.312434615616677,4.219704850811277,24.253916301201723
syn4,RI_BM,sc,0.18700000000000003,8.82238974863719,5.0884992110431275,20.40858759436658,4.228954322062648,17.549078653244734
syn4,RI_BM,sc,0.19250000000000003,7.994931916129291,4.753007004199192,16.759562769073053,4.098734582809261,14.88302595353655
syn4,RI_BM,sc,0.198,7.998602325774176,4.725402082942308,18.879938318520406,3.966500651067582,15.938812410818757
syn4,RI_BM,sc,0.20350000000000001,8.101159009952493,4.724071999592369,25.583145063911996,3.841239060155822,19.863059357471254
syn4,RI_BM,sc,0.20900000000000002,7.69068568745327,4.563452070887265,20.28172906979081,3.682449996759984,16.70973223501498
syn4,RI_BM,sc,0.21450000000000002,7.19510732274048,4.262839918222914,18.185684734984147,3.6130702643987855,15.155529424214885
syn4,RI_BM,sc,0.22000000000000003,6.8755110880844175,4.079222781551789,18.661410959529537,3.3892129331690226,15.075422053029854
syn4,RI_BM,sc,0.22550000000000003,6.200083611001077,3.777486684168833,14.427555745865922,3.2374318220712435,12.243104011196415
syn4,RI_BM,sc,0.231,5.548491071125946,3.5296641658337027,11.179993025476183,3.0799643145665363,9.843189766550461
syn4,RI_BM,sc,0.23650000000000002,5.054992076100538,3.360903922365707,9.43192918467493,3.0051075399703686,8.451044845967862
syn4,RI_BM,sc,0.24200000000000002,4.7776216266049225,3.123640671678369,9.281619375758957,2.762045718087296,8.180006657844098
syn4,RI_BM,sc,0.24750000000000003,4.362643947366563,2.8950751177799408,7.620188257002249,2.5922780051182563,6.968968474957812
syn4,RI_BM,sc,0.253,3.9904797506372733,2.732620152785118,6.421253046119839,2.5410386815873123,6.039690429240969
syn4,RI_BM,sc,0.2585,3.700589411165968,2.5835862982412707,5.799647813013041,2.4142735368519466,5.472950673480833
syn4,RI_BM,sc,0.264,3.536369787887331,2.449217370363033,5.469788138026756,2.3258650126437366,5.215717920033492
syn4,RI_BM,sc,0.2695,3.437521809746648,2.3756008069356547,5.391773707460692,2.2227480022753787,5.1164562090497245
syn4,RI_BM,sc,0.275,3.372093651776912,2.338114184315597,5.392275330638756,2.153117455597087,5.036754916062162
syn4,RI_BM,sc,0.2805,3.247299631132454,2.258217611784758,5.087432315544233,2.1299643184286245,4.814952859369318
syn4,RI_BM,sc,0.28600000000000003,3.131902159662718,2.189894224390177,4.880544032349081,2.05343589969857,4.628535065979716
syn4,RI_BM,sc,0.29150000000000004,2.975954122541828,2.0562974252553894,4.577282881680563,1.9159202471910506,4.324375619142641
syn4,RI_BM,sc,0.29700000000000004,2.8467630435169404,1.9999618402743786,4.365959559728806,1.8904476391690228,4.159052558657663
syn4,RI_BM,sc,0.30250000000000005,2.782778705250121,1.9549731470524643,4.286378234698443,1.838540443695678,4.06237704728529
syn4,RI_BM,sc,0.30800000000000005,2.7236326503697277,1.9086086959760729,4.226828624207763,1.791914260666073,3.99873941107024
syn4,RI_BM,sc,0.31350000000000006,2.6587944029975583,1.8559302827149144,4.223889022771287,1.7287377151001448,3.9758576946852497
syn4,RI_BM,sc,0.319,2.5804424933088015,1.8242376894785486,4.1024260437950275,1.7161797426450114,3.85393463527617
syn4,RI_BM,sc,0.3245,2.482332731294423,1.7474453079346013,3.9601663183101024,1.632805864519677,3.7011557214477633
syn4,RI_BM,sc,0.33,2.379735149139912,1.6882956047835627,3.7277194656692823,1.5961318036185763,3.5248121225502724
syn4,RI_BM,sc,0.3355,2.2946856961011637,1.6297121142341209,3.4774580339959726,1.5250532300838462,3.285159332945994
syn4,RI_BM,sc,0.341,2.192091213016428,1.56474599167894,3.2956980830932965,1.4652827302034865,3.1242509788618587
syn4,RI_BM,sc,0.34650000000000003,2.0992858558679592,1.4767883604235508,3.130575954911802,1.4069647212440854,3.0052782562657914
syn4,RI_BM,sc,0.35200000000000004,2.0081920973462166,1.4248314881826851,2.9788829077533387,1.364069098966163,2.8699526210940425
syn4,RI_BM,sc,0.35750000000000004,1.9294434836952143,1.3755069386087926,2.8480565349167266,1.3019733316084223,2.727038722442341
syn4,RI_BM,sc,0.36300000000000004,1.8585947613643652,1.3262473938099297,2.753226846642482,1.267729736517341,2.639736368990823
syn4,RI_BM,sc,0.36850000000000005,1.808858902992632,1.2776894937814491,2.6738179619632017,1.217189004140341,2.5699854197801377
syn4,RI_BM,sc,0.37400000000000005,1.7602306312654161,1.2428016935999397,2.6023793781859665,1.190822437261343,2.5061734457949756
syn4,RI_BM,sc,0.37950000000000006,1.713238670621713,1.2075732222657343,2.52511109713093,1.1554332415779052,2.4316440747165906
syn4,RI_BM,sc,0.38500000000000006,1.6665328260919088,1.1621611227463855,2.4647950611033154,1.0890347501335407,2.3627648298350246
syn4,RI_BM,sc,0.3905,1.6310063365708298,1.1358685703258802,2.4417833896280214,1.0643885479728805,2.332938631902029
syn4,RI_BM,sc,0.396,1.6004677430912513,1.0945701789514184,2.3687884063491746,1.030387503349643,2.2725202086490834
syn4,RI_BM,sc,0.4015,1.567518813241421,1.0676627957222193,2.3267435552312317,1.0120768476250184,2.2448706909226814
syn4,RI_BM,sc,0.40700000000000003,1.5328239788901137,1.0367337189539245,2.2916169920194327,0.9666455862689485,2.1866094570877426
syn4,RI_BM,sc,0.41250000000000003,1.508145829158075,1.0100421593487299,2.2519166047500594,0.9735619410359301,2.1800359606899486
syn4,RI_BM,sc,0.41800000000000004,1.483083023078113,0.9883023672512765,2.2106637592945764,0.9401402467231391,2.131723769021847
syn4,RI_BM,sc,0.42350000000000004,1.4542901856217663,0.969107717007486,2.1956618125855076,0.9067484427069291,2.082852896496902
syn4,RI_BM,sc,0.42900000000000005,1.4293007961568271,0.9592157539201166,2.1591775187580318,0.8949255870793658,2.045865142873439
syn4,RI_BM,sc,0.43450000000000005,1.3984737812180956,0.9318628068624231,2.115548841305288,0.8817635280983661,2.024939697049442
syn4,RI_BM,sc,0.44000000000000006,1.3698470945522483,0.9142406864930676,2.0805901561536895,0.874194908045244,1.9992201347130427
syn4,RI_BM,sc,0.44550000000000006,1.3465100740554945,0.8961173330464637,2.0492084160218647,0.8492218487851041,1.9572421129672102
syn4,RI_BM,sc,0.45100000000000007,1.3150556448019894,0.8797907374419001,2.0136763196973533,0.8344935222834057,1.929303201629095
syn4,RI_BM,sc,0.4565000000000001,1.2940995181496606,0.8629262447559587,1.9842406554063476,0.8201355636249393,1.9022528800314225
syn4,RI_BM,sc,0.462,1.279326892707163,0.8585252217178245,1.9772821185056237,0.8067973862482979,1.882511520354883
syn4,RI_BM,sc,0.4675,1.269388538780429,0.8638035816211153,1.9610920514505465,0.8060594964471969,1.8704588654765368
syn4,RI_BM,sc,0.47300000000000003,1.2615032375650153,0.8494213750542061,1.9574926260793006,0.800920686264889,1.8713592053932213
syn4,RI_BM,sc,0.47850000000000004,1.243078395319081,0.8478862561428245,1.9370126507312784,0.8053329954406855,1.8539163891625976
syn4,RI_BM,sc,0.48400000000000004,1.2348141876855334,0.8325510771884718,1.93876622428206,0.7867519038879652,1.8447873533580441
syn4,RI_BM,sc,0.48950000000000005,1.225676450287232,0.8239435798207798,1.9424052212488243,0.7756794436294548,1.8408499033204386
syn4,RI_BM,sc,0.49500000000000005,1.218146990040074,0.8182590679593255,1.9413896332684095,0.7676935050000625,1.832561977898216
syn4,RI_BM,sc,0.5005000000000001,1.2155419924179491,0.8091271220798004,1.9349969762463342,0.7497323826839862,1.8250324612599385
syn4,RI_BM,sc,0.506,1.210476169752759,0.8010987503368462,1.9330402813129717,0.7489857588277216,1.818796961494746
syn4,RI_BM,sc,0.5115000000000001,1.2047458911735736,0.8047700503973841,1.9374155677085105,0.7512960935489517,1.8223393505395058
syn4,RI_BM,sc,0.517,1.1969035378254027,0.7941153179133458,1.9371610587979917,0.7380869490851208,1.8170740203495082
syn4,RI_BM,sc,0.5225000000000001,1.1909998699437239,0.7854940852663644,1.9316881796464294,0.7192833546857429,1.8022101364533691
syn4,RI_BM,sc,0.528,1.191322388623659,0.7824669976523696,1.9373665458251432,0.739363605039596,1.8346867148614117
syn4,RI_BM,sc,0.5335000000000001,1.1917759311582943,0.7759828388073287,1.9523793585485796,0.7164937868215696,1.8328347510721388
syn4,RI_BM,sc,0.539,1.1902060591516688,0.769989404026873,1.959414843054506,0.7027297346841436,1.8357003990359086
syn4,RI_BM,sc,0.5445000000000001,1.186718497314783,0.764294472168772,1.9748567907661465,0.677619137096211,1.8268889617344162
syn4,RI_BM,sc,0.55,1.19198671593542,0.7610154072223425,1.9926666042473062,0.6842943830733128,1.857294400977008
syn4,RI_SE,bc,0.0055000000000000005,19.559117431622425,10.837325300308915,44.30886573333736,9.17730175176265,38.847220898027594
syn4,RI_SE,bc,0.011000000000000001,19.438479607221346,11.175721908008596,40.11948993953606,9.636592853919382,36.0322353423717
syn4,RI_SE,bc,0.0165,19.31760385524337,11.486296513644593,37.19546729609925,10.05650789043882,33.83905229803148
syn4,RI_SE,bc,0.022000000000000002,19.186096896099222,11.758429976696142,34.9792043745495,10.427434805654604,32.18657661195799
syn4,RI_SE,bc,0.027500000000000004,19.04488320473393,12.003302824420118,33.442839162722976,10.86464559066596,31.00343033502315
syn4,RI_SE,bc,0.033,18.915906089835744,12.211766632573624,32.29332280477613,11.124462101387635,29.919338557214942
syn4,RI_SE,bc,0.038500000000000006,18.78866707307613,12.380532505598735,31.370208594656546,11.257332884459865,29.049833592523754
syn4,RI_SE,bc,0.044000000000000004,18.652710428734554,12.503123656897412,30.676543244,11.419040503428352,28.435111254833377
syn4,RI_SE,bc,0.0495,18.512885686307076,12.575984704655555,30.057309469041748,11.697849608262105,28.155543335271975
syn4,RI_SE,bc,0.05500000000000001,18.368270453605817,12.59431958251311,29.626844675620664,11.803971171548287,27.821489359355287
syn4,RI_SE,bc,0.060500000000000005,18.21639996156856,12.5669348656406,29.257711367951437,11.72215228707647,27.425125506943942
syn4,RI_SE,bc,0.066,18.054954660498808,12.490778132125499,28.94948026544761,11.59188910084727,27.101015832750434
syn4,RI_SE,bc,0.07150000000000001,17.880417483822917,12.391176987278833,28.704175224344667,11.502792091464627,26.876406066568734
syn4,RI_SE,bc,0.07700000000000001,17.696056763043693,12.259234722406807,28.471220871473864,11.318053858329147,26.647876499056924
syn4,RI_SE,bc,0.0825,17.498753585911686,12.098585378718559,28.321010611641764,11.18652044250842,26.526478809482587
syn4,RI_SE,bc,0.08800000000000001,17.281296273082148,11.917635084384868,28.20522028440626,11.048887940437188,26.335460595742514
syn4,RI_SE,bc,0.09350000000000001,17.05285144943999,11.71435282913628,28.099184157210544,10.931223105934034,26.20620229480962
syn4,RI_SE,bc,0.099,16.803403194030977,11.513686941745796,27.95728651973513,10.654186962836704,25.910839241384533
syn4,RI_SE,bc,0.10450000000000001,16.538152335209368,11.306050592792802,27.762486844187126,10.405153627585946,25.629743739002432
syn4,RI_SE,bc,0.11000000000000001,16.262750361024132,11.0834863563682,27.501523177587107,10.213171272540015,25.433737947397564
syn4,RI_SE,bc,0.1155,15.966368338390222,10.851572684667998,27.27589065186257,9.952139266322442,25.10381899479563
syn4,RI_SE,bc,0.12100000000000001,15.657260432585282,10.620808179128199,27.010377196508898,9.731251674094771,24.76904271082927
syn4,RI_SE,bc,0.1265,15.333421070402466,10.386250607773857,26.713350196069122,9.45433267621505,24.386765741567682
syn4,RI_SE,bc,0.132,14.996396378034234,10.1429327279547,26.364916367747664,9.20859194380654,23.988815958219064
syn4,RI_SE,bc,0.1375,14.657400796165646,9.897292296026716,25.969440389570412,8.922633937158157,23.503570417622168
syn4,RI_SE,bc,0.14300000000000002,14.305989178559912,9.648660036956135,25.564179605993278,8.638484982293031,23.061571151987323
syn4,RI_SE,bc,0.14850000000000002,13.951079551899259,9.403415270647127,25.114355121145685,8.444848505545316,22.677930600239645
syn4,RI_SE,bc,0.15400000000000003,13.590840699150021,9.14980864429023,24.6405730361077,8.23131799247218,22.2615736985178
syn4,RI_SE,bc,0.1595,13.2290805114847,8.905370821307168,24.212559780061703,7.992122826380056,21.79937243918085
syn4,RI_SE,bc,0.165,12.865388417495819,8.65595264700501,23.78064812286901,7.739538784996573,21.321925035637214
syn4,RI_SE,bc,0.1705,12.507916923517335,8.407199707140855,23.310036226186217,7.470368392293558,20.827065982742308
syn4,RI_SE,bc,0.17600000000000002,12.148033774648692,8.154275052308938,22.83487639568462,7.278181658277546,20.41341115097211
syn4,RI_SE,bc,0.18150000000000002,11.793495474076462,7.901915221635956,22.39342868581367,7.059521035394336,19.981888280466087
syn4,RI_SE,bc,0.18700000000000003,11.445257776621412,7.647315753614893,21.971154076368922,6.786051727748951,19.528458816907893
syn4,RI_SE,bc,0.19250000000000003,11.100416174694708,7.3897216163028,21.550270903162758,6.523446788859957,19.05905700438924
syn4,RI_SE,bc,0.198,10.761597046605715,7.148472649802966,21.125046788596762,6.312113954245593,18.658019008319354
syn4,RI_SE,bc,0.20350000000000001,10.43341542924317,6.907402671229042,20.738305751467085,6.07381491467569,18.21327764114448
syn4,RI_SE,bc,0.20900000000000002,10.114452044399428,6.671246791118168,20.379325492191136,5.904692853475271,17.8676664065197
syn4,RI_SE,bc,0.21450000000000002,9.8035965182832,6.444839601169065,20.01748698685464,5.71069760786364,17.51481913352291
syn4,RI_SE,bc,0.22000000000000003,9.504255600233575,6.217990197383035,19.675412614584204,5.45924209061219,17.12003812372147
syn4,RI_SE,bc,0.22550000000000003,9.213099901481735,5.9992013130606585,19.319178060341457,5.231316474488892,16.771580105794293
syn4,RI_SE,bc,0.231,8.927596865565242,5.778780705372574,18.970052909402607,4.979698242517487,16.422634165143005
syn4,RI_SE,bc,0.23650000000000002,8.656760999942101,5.5686870622509375,18.64169857458204,4.837117291812041,16.188222840044407
syn4,RI_SE,bc,0.24200000000000002,8.397099411629068,5.36729033650359,18.3209450894112,4.640101965032075,15.902961817095296
syn4,RI_SE,bc,0.24750000000000003,8.148048099857455,5.180840167595505,18.025840309789775,4.423395212093572,15.592892151777093
syn4,RI_SE,bc,0.253,7.911134529248633,4.996237876848779,17.754559841711124,4.333640451359158,15.406169708407203
syn4,RI_SE,bc,0.2585,7.6794327741737725,4.820881684545409,17.462297484340322,4.135410987652632,15.104951290483081
syn4,RI_SE,bc,0.264,7.463751117136141,4.646562713419525,17.200975510540413,3.9941976618902375,14.862526369214587
syn4,RI_SE,bc,0.2695,7.256728360954369,4.480384763024445,16.94768055766951,3.8680055834585145,14.666240625767456
syn4,RI_SE,bc,0.275,7.059534275336688,4.324568195771721,16.717071881387128,3.6573030189038467,14.394899457654233
syn4,RI_SE,bc,0.2805,6.8696689562106465,4.174227538206979,16.484847551464405,3.589620025332599,14.264005519124979
syn4,RI_SE,bc,0.28600000000000003,6.689199112139796,4.024613987352477,16.29430180355565,3.390323055982981,13.992320536094876
syn4,RI_SE,bc,0.29150000000000004,6.519441135571148,3.88154640554882,16.105196242737655,3.300299019516042,13.841756914134061
syn4,RI_SE,bc,0.29700000000000004,6.3612291790529225,3.752498376698603,15.916966109719105,3.2094581981174346,13.701921492700906
syn4,RI_SE,bc,0.30250000000000005,6.206912673957314,3.6235287237436564,15.735492032564018,3.0529414891015167,13.497203589849633
syn4,RI_SE,bc,0.30800000000000005,6.058617946457328,3.5055879154289706,15.591391323372648,2.995791764384074,13.39095330234395
syn4,RI_SE,bc,0.31350000000000006,5.9217469153807265,3.393728603908506,15.454992645045769,2.883520021596053,13.23864171353947
syn4,RI_SE,bc,0.319,5.791486075540142,3.2844222482848036,15.325918624575952,2.796163452668446,13.10968462588052
syn4,RI_SE,bc,0.3245,5.669102385312765,3.180175295900143,15.193853161063597,2.710612048688308,12.98921660363972
syn4,RI_SE,bc,0.33,5.550997040289294,3.0812538645694656,15.0784950538722,2.614810737859782,12.868189722275845
syn4,RI_SE,bc,0.3355,5.438492617677234,2.9889163418634324,14.981774878528414,2.5169492919022254,12.743922590201171
syn4,RI_SE,bc,0.341,5.332620651803065,2.9036566175244487,14.901807085431155,2.405226161561811,12.608481540700803
syn4,RI_SE,bc,0.34650000000000003,5.2353892364004,2.820323524458505,14.853480602408924,2.300142730261769,12.47139020905455
syn4,RI_SE,bc,0.35200000000000004,5.142532209438527,2.741850277057744,14.770430895537753,2.229468433448912,12.389825837564226
syn4,RI_SE,bc,0.35750000000000004,5.055914839107933,2.666009662575052,14.742990080795375,2.154774590083859,12.315955416661563
syn4,RI_SE,bc,0.36300000000000004,4.97331209119049,2.5947133508717912,14.684779361497348,2.0819433020443396,12.248973942685007
syn4,RI_SE,bc,0.36850000000000005,4.896246270811193,2.5289943426811443,14.666987018583317,2.051113964411255,12.225083021531907
syn4,RI_SE,bc,0.37400000000000005,4.822451833422636,2.4641700507334856,14.639935919610304,1.9677257328910474,12.155548058359145
syn4,RI_SE,bc,0.37950000000000006,4.756198686893214,2.402480830893979,14.627631308051429,1.937496576823709,12.143053245821282
syn4,RI_SE,bc,0.38500000000000006,4.693604984340181,2.343297887312625,14.634742391631876,1.8829628519607469,12.127779011658063
syn4,RI_SE,bc,0.3905,4.634088657146237,2.2874219303605585,14.689545390544627,1.832157344340077,12.107875811976156
syn4,RI_SE,bc,0.396,4.581426830665906,2.235435473764713,14.74190433190136,1.7781040204574372,12.112992446645325
syn4,RI_SE,bc,0.4015,4.531394324428584,2.1834241201502342,14.800845197844275,1.7529645986825686,12.14362994572104
syn4,RI_SE,bc,0.40700000000000003,4.4882372419350505,2.135206608693092,14.866718483291919,1.6967676415862956,12.156629802281333
syn4,RI_SE,bc,0.41250000000000003,4.449300226454392,2.0892717749108884,14.947932518702123,1.664368115516394,12.191383217911717
syn4,RI_SE,bc,0.41800000000000004,4.411330998425278,2.045410246772601,15.042854669874538,1.630886285799394,12.257550099908103
syn4,RI_SE,bc,0.42350000000000004,4.377359854707967,2.004577554786241,15.140489354026633,1.5770842304084103,12.30704261896068
syn4,RI_SE,bc,0.42900000000000005,4.34764272656369,1.9656171660868789,15.271180188249279,1.5303317917090027,12.379115700948873
syn4,RI_SE,bc,0.43450000000000005,4.3206935285525105,1.9289839195172487,15.465626408638725,1.5009446668664028,12.4843785709812
syn4,RI_SE,bc,0.44000000000000006,4.295624297598283,1.8938204880593752,15.655846708335302,1.4776851561630624,12.614988073669775
syn4,RI_SE,bc,0.44550000000000006,4.277113741500132,1.862260267553991,15.88750915596244,1.394821149795957,12.675551315210042
syn4,RI_SE,bc,0.45100000000000007,4.261422101513311,1.8310098484098958,16.122019740603417,1.4072840401358444,12.879020195380418
syn4,RI_SE,bc,0.4565000000000001,4.24903684055835,1.8016120732025456,16.3991508565786,1.3623630902438326,13.020154655336066
syn4,RI_SE,bc,0.462,4.237756666286953,1.774461840504303,16.650681833311193,1.3580935617812295,13.252744323579902
syn4,RI_SE,bc,0.4675,4.231683090260201,1.7471463554578168,16.95744033085687,1.2962161473700733,13.468354746532832
syn4,RI_SE,bc,0.47300000000000003,4.226433809042852,1.7228105269100351,17.291275911363584,1.2788484813300975,13.712629321214386
syn4,RI_SE,bc,0.47850000000000004,4.223164260846556,1.7000040654053734,17.700588145875596,1.261268755552546,13.98437389275779
syn4,RI_SE,bc,0.48400000000000004,4.223869489414117,1.6762057814552078,18.228221771214944,1.2359621101423037,14.32593647110885
syn4,RI_SE,bc,0.48950000000000005,4.2306978216371185,1.654937372013835,18.823696411100396,1.2085773141467109,14.679247163692189
syn4,RI_SE,bc,0.49500000000000005,4.236789177582186,1.6354049522074185,19.38070318895212,1.2044982840455216,15.099048345908717
syn4,RI_SE,bc,0.5005000000000001,4.2457957127913355,1.6153874315966494,20.134264591166147,1.146372781388024,15.538160524267688
syn4,RI_SE,bc,0.506,4.26192013992689,1.595061621949525,20.959874251605385,1.1491103934799933,16.09121330626993
syn4,RI_SE,bc,0.5115000000000001,4.279268314192672,1.5770419556549105,21.993543769536252,1.1272255443501138,16.713598609397508
syn4,RI_SE,bc,0.517,4.303064453614969,1.560383052516741,23.165435152035535,1.1153765597133871,17.466908258957677
syn4,RI_SE,bc,0.5225000000000001,4.329717592748382,1.5422087530815283,24.64107051938361,1.1007064264722588,18.308447769950995
syn4,RI_SE,bc,0.528,4.356630045992343,1.5255420356632765,26.380462079315876,1.001210938026462,19.23958253622234
syn4,RI_SE,bc,0.5335000000000001,4.383019177532026,1.5098974951103126,28.642633583948697,1.0172808270406004,20.4530611750832
syn4,RI_SE,bc,0.539,4.41569915642056,1.4937121756628604,31.522605941182707,1.0220043446731688,21.799359623431148
syn4,RI_SE,bc,0.5445000000000001,4.450224514086746,1.4805670307045824,35.330189068175734,0.9965928861609532,23.506808134592664
syn4,RI_SE,bc,0.55,4.488013118543374,1.4676988451526614,40.45191214273119,0.9443238325678343,25.549516495889783
syn4,RI_SE,sc,0.0055000000000000005,19.44750515629108,10.458103947050198,46.41403926928848,8.78706840718908,40.369671276722954
syn4,RI_SE,sc,0.011000000000000001,18.546490094589032,10.582354049789581,37.553838635082926,9.031051478342732,33.888491734858825
syn4,RI_SE,sc,0.0165,17.73428862362274,10.688964041483977,32.08662377180437,9.682888766667583,29.95218432895883
syn4,RI_SE,sc,0.022000000000000002,17.004480857793038,10.75588359711853,28.453282486381177,9.87703983458767,26.887457219278133
syn4,RI_SE,sc,0.027500000000000004,16.354128792452887,10.772532109963173,25.90981023472191,10.118656539896778,24.750981504804585
syn4,RI_SE,sc,0.033,15.776502998612987,10.757026654108941,24.048438574971733,10.213644495285738,23.124838856656876
syn4,RI_SE,sc,0.038500000000000006,15.269159043100696,10.703486035965462,22.670940692780896,10.187978509006124,21.817051859899095
syn4,RI_SE,sc,0.044000000000000004,14.830955101738194,10.604976689873507,21.602275870571102,10.222094179679825,20.905046203559966
syn4,RI_SE,sc,0.0495,14.448383072185631,10.487949030358703,20.80326211134463,9.997463367161014,19.97779458566025
syn4,RI_SE,sc,0.05500000000000001,14.128017964762769,10.342737542279748,20.168827887862385,9.91356922630529,19.435477151068724
syn4,RI_SE,sc,0.060500000000000005,13.844954665222286,10.18733296715828,19.704935378254373,9.800323508942025,18.998467756573277
syn4,RI_SE,sc,0.066,13.610933108015944,10.03174190828027,19.366063115522152,9.61191951325622,18.649593109109425
syn4,RI_SE,sc,0.07150000000000001,13.422884837144453,9.882477676916366,19.11437952381392,9.48287304716504,18.43712419741109
syn4,RI_SE,sc,0.07700000000000001,13.259714615737348,9.733266840300663,18.941438076318924,9.345803879797943,18.283080961335177
syn4,RI_SE,sc,0.0825,13.137836916691937,9.598756126356756,18.871905404630184,9.253109133625493,18.223530288400966
syn4,RI_SE,sc,0.08800000000000001,13.03537047878158,9.485658624650352,18.842471433196522,9.048850620775367,18.107169240290936
syn4,RI_SE,sc,0.09350000000000001,12.95782779487971,9.376564209058689,18.874879233695406,8.940086109891961,18.110078235366213
syn4,RI_SE,sc,0.099,12.901412603049524,9.290818926643112,18.95861522734388,8.838610543906428,18.13989669803478
syn4,RI_SE,sc,0.10450000000000001,12.865890171790808,9.223732682863902,19.03799225560181,8.76966299175818,18.213051528594765
syn4,RI_SE,sc,0.11000000000000001,12.843048724789927,9.171305674610181,19.151652262912638,8.662183744329216,18.27376898928786
syn4,RI_SE,sc,0.1155,12.831723151842656,9.126005197763527,19.294700771114933,8.584586868855556,18.38304511042918
syn4,RI_SE,sc,0.12100000000000001,12.830310545302897,9.09242652970484,19.449857030819654,8.67603465129223,18.663853035934075
syn4,RI_SE,sc,0.1265,12.832415874387944,9.06292651960019,19.62010868657732,8.57672448661489,18.739176207476394
syn4,RI_SE,sc,0.132,12.835534657762363,9.03699874510146,19.78769849087877,8.502478866907937,18.827341166779398
syn4,RI_SE,sc,0.1375,12.834027666811489,9.004555246026097,19.918171630159435,8.520839814108983,18.993097978997085
syn4,RI_SE,sc,0.14300000000000002,12.820276967945595,8.971866388107532,20.025844870274764,8.346019318123762,18.942776131946626
syn4,RI_SE,sc,0.14850000000000002,12.78933834815189,8.9192354902093,20.088776448135444,8.291179596458422,18.967610123085848
syn4,RI_SE,sc,0.15400000000000003,12.73238797138197,8.86489768710731,20.08617321968243,8.20925297903908,18.923374120545006
syn4,RI_SE,sc,0.1595,12.648823902344642,8.78533801271825,20.042113289526455,8.144162206048707,18.853289086741427
syn4,RI_SE,sc,0.165,12.530840915296505,8.68951594598342,19.876800256125,7.998569168902197,18.64099087172759
syn4,RI_SE,sc,0.1705,12.372621795025758,8.566800481887812,19.627281234118495,7.959280217436492,18.484234084157052
syn4,RI_SE,sc,0.17600000000000002,12.160472730266218,8.418799246205923,19.285458603489626,7.883597748097813,18.205552203932047
syn4,RI_SE,sc,0.18150000000000002,11.905946743499477,8.238675459171727,18.84410960473262,7.648622692688961,17.734446080716268
syn4,RI_SE,sc,0.18700000000000003,11.593377841780097,8.023861133283852,18.322917199339248,7.445569009459827,17.228326104201706
syn4,RI_SE,sc,0.19250000000000003,11.244313414015545,7.7831288286280085,17.691790606740508,7.245765034259503,16.659398264892502
syn4,RI_SE,sc,0.198,10.84000995652476,7.514863798195591,17.001312981077795,7.043312135478757,16.025895482044735
syn4,RI_SE,sc,0.20350000000000001,10.395108221103031,7.229001568897727,16.230919648877485,6.817222795780213,15.346732320631437
syn4,RI_SE,sc,0.20900000000000002,9.91543049037303,6.921210320906553,15.355128780028132,6.481000672875224,14.51551488795263
syn4,RI_SE,sc,0.21450000000000002,9.411692873796028,6.5935823307877195,14.455248601261175,6.173368634684963,13.687934476123747
syn4,RI_SE,sc,0.22000000000000003,8.885554555479247,6.2556638996149125,13.548700589270684,5.872025539022869,12.855926273593576
syn4,RI_SE,sc,0.22550000000000003,8.351816478245635,5.910717397447922,12.607349780056374,5.618031450551274,12.05439493893903
syn4,RI_SE,sc,0.231,7.817196755408354,5.570711076525409,11.681602801630042,5.294872794658083,11.202467223350576
syn4,RI_SE,sc,0.23650000000000002,7.288082527066916,5.227671903860798,10.799418715123798,4.992592372184475,10.382177466460174
syn4,RI_SE,sc,0.24200000000000002,6.774533315630855,4.891482673154744,9.94100284536242,4.677672536847575,9.568909970638185
syn4,RI_SE,sc,0.24750000000000003,6.281664352009939,4.567715688358805,9.13557744827111,4.371771013957255,8.792049358523913
syn4,RI_SE,sc,0.253,5.8098295229949155,4.25460420946798,8.383736319653476,4.087923584014516,8.086467115393766
syn4,RI_SE,sc,0.2585,5.366577978496721,3.9549847595144416,7.678867267144464,3.8093121770382052,7.4106194219485895
syn4,RI_SE,sc,0.264,4.9516735354137476,3.6714185489178166,7.0143780490451375,3.5122887047543805,6.7501010574485205
syn4,RI_SE,sc,0.2695,4.563855655235692,3.4065521723943593,6.40346758934575,3.273530670331697,6.183836210484903
syn4,RI_SE,sc,0.275,4.204923641079496,3.15661763955968,5.836823188316806,3.0580561623227456,5.672266745810965
syn4,RI_SE,sc,0.2805,3.8715047405624405,2.9276993110741567,5.327008347475684,2.831203225368901,5.175012475608929
syn4,RI_SE,sc,0.28600000000000003,3.5646959525252373,2.7116649894879012,4.86098518453059,2.6241151394229005,4.730009342336467
syn4,RI_SE,sc,0.29150000000000004,3.2835064063126422,2.509654334666736,4.444087168348513,2.435008244662257,4.328463995608953
syn4,RI_SE,sc,0.29700000000000004,3.025731592473522,2.3232939641561563,4.065275700251626,2.247956959642522,3.949939440349238
syn4,RI_SE,sc,0.30250000000000005,2.7897613121845866,2.1513595485640598,3.725436371810246,2.0749255359097023,3.6076005823521835
syn4,RI_SE,sc,0.30800000000000005,2.574649612316212,1.9926228297753108,3.414670725885586,1.9331821753355123,3.3149298009233186
syn4,RI_SE,sc,0.31350000000000006,2.3777999474831306,1.8471586501554758,3.132928932110956,1.7954652692494644,3.0450786530409855
syn4,RI_SE,sc,0.319,2.197448898218526,1.7136487256444592,2.8798811393912906,1.665925945451832,2.795907180395853
syn4,RI_SE,sc,0.3245,2.033480347834484,1.5915753327710105,2.650970597757725,1.5498475163395378,2.576179072794412
syn4,RI_SE,sc,0.33,1.8837246629074493,1.4790164278882891,2.4430709473684082,1.4370243705878756,2.372478395673779
syn4,RI_SE,sc,0.3355,1.7470108818606578,1.3762547319803387,2.2544514514563008,1.3365026416599357,2.1912199934465897
syn4,RI_SE,sc,0.341,1.6220346883937564,1.2818735544725621,2.0856853537408875,1.246113449227735,2.027631397264302
syn4,RI_SE,sc,0.34650000000000003,1.5077643275255728,1.1953275521329165,1.9312340447920038,1.1651545655652675,1.881976621192814
syn4,RI_SE,sc,0.35200000000000004,1.4030860053855898,1.1156911652187274,1.7908596795210137,1.0897786427361598,1.7487534069591364
syn4,RI_SE,sc,0.35750000000000004,1.3070852502515726,1.0427050435947114,1.6642622865598895,1.0181015291523574,1.6242685708339477
syn4,RI_SE,sc,0.36300000000000004,1.2195270356820767,0.9757844926703877,1.5485061596595238,0.9534369747023765,1.5130009515214065
syn4,RI_SE,sc,0.36850000000000005,1.138934408694197,0.9145351411751589,1.4430233032675777,0.8937174068098905,1.4110559106449638
syn4,RI_SE,sc,0.37400000000000005,1.0652065164784221,0.8573962841860424,1.346513279396365,0.839240419107705,1.318429644836953
syn4,RI_SE,sc,0.37950000000000006,0.9976382543686158,0.8049332688851717,1.2581185881894124,0.787021910766006,1.231813338329655
syn4,RI_SE,sc,0.38500000000000006,0.9354330964739372,0.7564401219474073,1.176700109836074,0.738689912289076,1.1525219721052322
syn4,RI_SE,sc,0.3905,0.878206624744605,0.7115127233497222,1.1030941282109568,0.6967194425999388,1.0822583711979334
syn4,RI_SE,sc,0.396,0.8254062368926791,0.6700888432442037,1.0354627804996932,0.6559773152143326,1.0157675430722342
syn4,RI_SE,sc,0.4015,0.7766556121555286,0.6317622497395862,0.972632373038838,0.6216583538159483,0.9579577910570932
syn4,RI_SE,sc,0.40700000000000003,0.731655462595199,0.5960432477671711,0.9154968004818956,0.5856754536027394,0.9007495616575426
syn4,RI_SE,sc,0.41250000000000003,0.6900277276023321,0.5631970100599615,0.862607760799781,0.5544315412092192,0.8498615958902717
syn4,RI_SE,sc,0.41800000000000004,0.6514749872959646,0.5326954702913954,0.814395130984852,0.5251372391602199,0.8030281655578816
syn4,RI_SE,sc,0.42350000000000004,0.6157915086324985,0.5042341544246383,0.7694993111143588,0.4974926251827794,0.7593703123967839
syn4,RI_SE,sc,0.42900000000000005,0.5828523420604327,0.4776820204730992,0.7283766444254102,0.47151391855583497,0.7192646586109877
syn4,RI_SE,sc,0.43450000000000005,0.552295337471256,0.45307379361074734,0.6903528425288643,0.4466052705165764,0.6811404149682434
syn4,RI_SE,sc,0.44000000000000006,0.5239225906905434,0.430115748879616,0.6549926752225561,0.42379553964509037,0.6462471655478835
syn4,RI_SE,sc,0.44550000000000006,0.4974339824988006,0.4087563871643909,0.6222246627611219,0.4024645380806318,0.6137803233971079
syn4,RI_SE,sc,0.45100000000000007,0.47287678806487154,0.38878578349941556,0.591967314859533,0.38297597767919334,0.5839285802847658
syn4,RI_SE,sc,0.4565000000000001,0.4500032413244801,0.37005507645442215,0.5636692476798778,0.3645050226717452,0.556038379467583
syn4,RI_SE,sc,0.462,0.4286467832852906,0.3525411071040423,0.537285793265046,0.3472803079438961,0.5300436633581692
syn4,RI_SE,sc,0.4675,0.408691054596781,0.3362063914583853,0.5126936556328521,0.33142496337926525,0.505961898323348
syn4,RI_SE,sc,0.47300000000000003,0.39011889829556423,0.32092279680217534,0.48977359031542317,0.3161669485735718,0.4830212550451233
syn4,RI_SE,sc,0.47850000000000004,0.3727631551774677,0.3066024702350145,0.46823426781049443,0.3021737653104598,0.4619457022300525
syn4,RI_SE,sc,0.48400000000000004,0.35648692040852453,0.29318212105100033,0.4482697251508843,0.28885795738474074,0.4420548647544447
syn4,RI_SE,sc,0.48950000000000005,0.34126701459587017,0.2805585443882832,0.4293884439440888,0.27674691593195505,0.42381748447280443
syn4,RI_SE,sc,0.49500000000000005,0.3270158971537062,0.26871324709995165,0.41174685180505366,0.2650982528788058,0.4064870830595189
syn4,RI_SE,sc,0.5005000000000001,0.3136396777139592,0.2575823944768283,0.3952100725146221,0.25419093040527635,0.390219141777372
syn4,RI_SE,sc,0.506,0.3010591532453576,0.24710366727433056,0.37965841560373986,0.2440554585712889,0.3750927303749944
syn4,RI_SE,sc,0.5115000000000001,0.28925917976647586,0.23725325697098268,0.3650206272744188,0.23436694742515754,0.3607208194636906
syn4,RI_SE,sc,0.517,0.27813949655911596,0.2279731634029644,0.3512548516051975,0.22520403820802137,0.3471770709246685
syn4,RI_SE,sc,0.5225000000000001,0.2676111490734505,0.21920780233385626,0.3383798145571297,0.2165594314667313,0.33438293119664464
syn4,RI_SE,sc,0.528,0.2577451201021561,0.21094847574759532,0.3262431075307539,0.20846531429063628,0.32247338950638976
syn4,RI_SE,sc,0.5335000000000001,0.2484249690530862,0.20315229204559743,0.31482601781972286,0.1992470914829289,0.3096798606546885
syn4,RI_SE,sc,0.539,0.23962990084955504,0.19577027829575508,0.30398739459324986,0.19214637477941898,0.29915795385190586
syn4,RI_SE,sc,0.5445000000000001,0.23133007101387934,0.18881245969528443,0.293819833484974,0.1853712854739715,0.28917336790805404
syn4,RI_SE,sc,0.55,0.22353188252674486,0.18222902700416063,0.28421897056428697,0.1789918284171158,0.2798097216513655
covid,RI_BM,bc,0.00585876715905435,1.8296567926901606,1.4316819935157186,2.415417759243007,1.3893604714769145,2.3538388431652035
covid,RI_BM,bc,0.0117175343181087,1.8222616598353434,1.4343175198368634,2.3919570626174043,1.3957686421792341,2.335464810505097
covid,RI_BM,bc,0.01757630147716305,1.7915034344516663,1.4123656904427182,2.3389388901935853,1.3701043768794032,2.279581438841982
covid,RI_BM,bc,0.0234350686362174,1.781384089593743,1.403533594420858,2.3360973406946726,1.366694307169836,2.2800987086828304
covid,RI_BM,bc,0.029293835795271752,1.7724627053080484,1.3896759894201955,2.3418732811100718,1.3492870520721147,2.2801217516036982
covid,RI_BM,bc,0.0351526029543261,1.7619343988312313,1.3751570745762183,2.3475904515868042,1.345580388598374,2.2968734630721546
covid,RI_BM,bc,0.04101137011338045,1.7403526505846774,1.3493738449051003,2.336814230598736,1.317151356965675,2.28082361380477
covid,RI_BM,bc,0.0468701372724348,1.7118994045580367,1.3218123012210925,2.3121909193040633,1.2766969939850088,2.2394058262588503
covid,RI_BM,bc,0.05272890443148916,1.6834989311536497,1.2910366503224104,2.2852026929226796,1.249980654812855,2.2209095249640334
covid,RI_BM,bc,0.058587671590543504,1.6525609723031527,1.257661715498718,2.2583518694330666,1.2192046028716965,2.1955728852859457
covid,RI_BM,bc,0.06444643874959785,1.6195273702034743,1.220464037553407,2.229832899346788,1.1709547073272848,2.152785213042994
covid,RI_BM,bc,0.0703052059086522,1.584338675240953,1.1840038397506212,2.194916318585188,1.136830825317928,2.1225144785673833
covid,RI_BM,bc,0.07616397306770656,1.5674842705463798,1.160404057590479,2.196774038269707,1.1128086231929044,2.122272143238252
covid,RI_BM,bc,0.0820227402267609,1.5511196508805942,1.1337046047325636,2.20452821046102,1.0955511080649734,2.1368025717320296
covid,RI_BM,bc,0.08788150738581525,1.530386932397354,1.1099122808389834,2.2009716599984244,1.063177095150157,2.1222217651246624
covid,RI_BM,bc,0.0937402745448696,1.5084604156795023,1.0814055121050865,2.1915493955581753,1.0376948331099773,2.114385097342375
covid,RI_BM,bc,0.09959904170392396,1.4942603146487825,1.0604558129420854,2.1992014708355314,1.0054413513689333,2.108994601802013
covid,RI_BM,bc,0.10545780886297831,1.481296013324696,1.0393791992044608,2.20754070312526,0.9884991650349247,2.11718188181501
covid,RI_BM,bc,0.11131657602203265,1.4749101457247316,1.0214705309407808,2.2311969176829334,0.9672644219420631,2.131326012523609
covid,RI_BM,bc,0.11717534318108701,1.4665309885611946,1.0064356587809025,2.249687635975974,0.9499543515634132,2.1438133594160935
covid,RI_BM,bc,0.12303411034014136,1.459795646988128,0.9912602644384161,2.271161306950462,0.9246240818643239,2.151461420185859
covid,RI_BM,bc,0.1288928774991957,1.4549043927932717,0.979377864387184,2.29669676927272,0.9128147045386926,2.170660050694075
covid,RI_BM,bc,0.13475164465825007,1.4535638687161438,0.9715851839144015,2.3313867328880478,0.9022046408246357,2.1904948261237593
covid,RI_BM,bc,0.1406104118173044,1.449957949207091,0.9608190308350225,2.3711536169307954,0.8843272968393516,2.21720248691459
covid,RI_BM,bc,0.14646917897635875,1.447912506829773,0.9490093348943714,2.4083107874228387,0.8674361395968582,2.237882432758694
covid,RI_BM,bc,0.15232794613541312,1.4431233950507978,0.9382331328733879,2.429742959051526,0.8572931125256499,2.260271957240897
covid,RI_BM,bc,0.15818671329446746,1.4380064735894527,0.9277215166134198,2.445292984789996,0.8429968863524616,2.2686935976173905
covid,RI_BM,bc,0.1640454804535218,1.4327826226373797,0.9174221022387322,2.4755308329055645,0.8344115176899037,2.287249256718373
covid,RI_BM,bc,0.16990424761257616,1.427222566925666,0.909119048196577,2.4953966182537433,0.824856558178172,2.305718054367341
covid,RI_BM,bc,0.1757630147716305,1.422227749109945,0.8950103321537536,2.5245208149701135,0.8222186788149053,2.33397210932649
covid,RI_BM,bc,0.18162178193068487,1.420157698084172,0.8868955121953439,2.571586037286672,0.7887730738364981,2.334705508190249
covid,RI_BM,bc,0.1874805490897392,1.421055138227576,0.8785215682317619,2.6094973038620495,0.7840468604367796,2.37016265443476
covid,RI_BM,bc,0.19333931624879355,1.4179273559763643,0.8717944131296868,2.6492414043666606,0.7742420523132644,2.3972393686102196
covid,RI_BM,bc,0.19919808340784792,1.4174784755063694,0.8631431594456557,2.683335201378748,0.754093719609478,2.413763964591933
covid,RI_BM,bc,0.20505685056690226,1.415876003197262,0.8587103987621825,2.724962240406391,0.7374335409021217,2.4389110499221336
covid,RI_BM,bc,0.21091561772595663,1.4134773576570803,0.85160318484393,2.765795255524228,0.7467474333450888,2.4829954453250136
covid,RI_BM,bc,0.21677438488501097,1.4184728322542193,0.8449575477274063,2.840041234719837,0.739334194428621,2.5321943044971102
covid,RI_BM,bc,0.2226331520440653,1.4222584299460732,0.8403838720947824,2.9086210599374844,0.7224534278513375,2.5684844368633453
covid,RI_BM,bc,0.22849191920311968,1.4241382062194496,0.8347231511382336,2.9681294511781844,0.7037172494562934,2.5996277389321194
covid,RI_BM,bc,0.23435068636217402,1.4258714028773913,0.8301318117463707,3.027277529401628,0.7133791234996849,2.6604159196462933
covid,RI_BM,bc,0.24020945352122836,1.4273630184207293,0.8252476960766044,3.0748065906828956,0.7033747546330179,2.6893878753758824
covid,RI_BM,bc,0.24606822068028272,1.4277752937456092,0.8205422973473631,3.1332512955407266,0.6949262169504841,2.7330361232243514
covid,RI_BM,bc,0.2519269878393371,1.4308215639951531,0.8152221152254068,3.2080815079192626,0.6677174201864926,2.7676031393638043
covid,RI_BM,bc,0.2577857549983914,1.4338010970795172,0.8127935472756228,3.2772735104894215,0.6894581544236827,2.8302296034336223
covid,RI_BM,bc,0.26364452215744577,1.4355117323730067,0.8064898669649396,3.344867578477731,0.6669470211556067,2.8574632366049784
covid,RI_BM,bc,0.26950328931650014,1.4390790201451267,0.8022359966534606,3.4323258459553605,0.6512115344595745,2.9132095855449696
covid,RI_BM,bc,0.27536205647555445,1.4436999152785237,0.799041961621749,3.5039297576168127,0.6530626818889469,2.9901638838429485
covid,RI_BM,bc,0.2812208236346088,1.445504851131317,0.7970838973734649,3.6134583710564523,0.6391752103631112,3.0300062220244843
covid,RI_BM,bc,0.2870795907936632,1.4488933106281294,0.7905695089195428,3.6858920542297593,0.639789466062989,3.095332828592769
covid,RI_BM,bc,0.2929383579527175,1.451772027152161,0.7858093313446077,3.7454319598662407,0.6193081550476093,3.129922588189703
covid,RI_BM,bc,0.29879712511177187,1.4542532168088167,0.7824591522838334,3.8046031415228834,0.6346051765072467,3.182027441147862
covid,RI_BM,bc,0.30465589227082623,1.4561466997915913,0.7786853305468708,3.875781571694678,0.6033361235443923,3.2107415987037697
covid,RI_BM,bc,0.31051465942988055,1.4604530750470222,0.7760074844621611,3.9693898386619915,0.5957106372391783,3.266428548050742
covid,RI_BM,bc,0.3163734265889349,1.466842349164044,0.7720128719211086,4.109468000686892,0.6032921281788511,3.37301163485947
covid,RI_BM,bc,0.3222321937479893,1.474077269683903,0.769905869422609,4.279625170908607,0.6002078558390982,3.4880020454647522
covid,RI_BM,bc,0.3280909609070436,1.4803703723691393,0.7657410400022596,4.452774880632846,0.6110239142929281,3.6040841232885916
covid,RI_BM,bc,0.33394972806609796,1.485314334405353,0.7629168662723835,4.579755257499079,0.5593049757083749,3.6108296426407804
covid,RI_BM,bc,0.33980849522515233,1.4907733691469425,0.7606693317049857,4.765367426096478,0.557885213314889,3.7123754398157045
covid,RI_BM,bc,0.3456672623842067,1.4965936026062092,0.7588697084978847,4.8834340955204825,0.5562857354110883,3.780184584157876
covid,RI_BM,bc,0.351526029543261,1.5031525008469133,0.7571439069957875,5.060194782523171,0.5534530183161612,3.900052948833359
covid,RI_BM,bc,0.3573847967023154,1.5058831665007675,0.7549260488370757,5.132531935232335,0.5553230502692339,3.977485495104465
covid,RI_BM,bc,0.36324356386136974,1.5079716066334612,0.7514503009030611,5.2474717210397035,0.5509268694234266,4.034302708102493
covid,RI_BM,bc,0.36910233102042406,1.51152913374121,0.7486935209393982,5.36856338481043,0.554407953309799,4.10555459907694
covid,RI_BM,bc,0.3749610981794784,1.5174714102039897,0.7476039147058671,5.425111818919403,0.5441954337880499,4.195693168020313
covid,RI_BM,bc,0.3808198653385328,1.5233951139964912,0.7471703075916872,5.627589072646844,0.5340918575804068,4.298020328932135
covid,RI_BM,bc,0.3866786324975871,1.529816771606427,0.745553039458545,5.9046677641661,0.5324824806046032,4.445476190075868
covid,RI_BM,bc,0.3925373996566415,1.533776692533603,0.7443422494967916,6.091078895793669,0.5261073338530583,4.5313775993997005
covid,RI_BM,bc,0.39839616681569584,1.5387810055023865,0.7430303524601385,6.333006446008449,0.5309053397575979,4.649809336927498
covid,RI_BM,bc,0.40425493397475015,1.5415929526858523,0.7406524581639287,6.520188780386288,0.5222314847739686,4.755397623908574
covid,RI_BM,bc,0.4101137011338045,1.5455649189460103,0.7361673776257162,6.706888515083952,0.5001510638588356,4.828456313021077
covid,RI_BM,bc,0.4159724682928589,1.550477294081163,0.7346084955693222,6.847278564043945,0.5145749379754176,4.910990103379419
covid,RI_BM,bc,0.42183123545191326,1.5530839482058587,0.7321013752840128,6.861055204531454,0.5216034843243186,5.0077236873567434
covid,RI_BM,bc,0.42769000261096757,1.5572271974901204,0.7303242649759084,7.003015386428568,0.4792981547273048,5.070077895439513
covid,RI_BM,bc,0.43354876977002194,1.5597932606222966,0.7314186220522229,7.142585244847163,0.5184947662006513,5.1605584189291935
covid,RI_BM,bc,0.4394075369290763,1.5613307588816214,0.7297428798831417,7.2606134338413035,0.48530170764305264,5.143230879372922
covid,RI_BM,bc,0.4452663040881306,1.5637660149775932,0.7269983355825532,7.268759374105305,0.4894707354160862,5.235124277221104
covid,RI_BM,bc,0.451125071247185,1.5662997003397812,0.7232345565685249,7.219248277742583,0.4860022590898843,5.228123463883508
covid,RI_BM,bc,0.45698383840623935,1.565496984877882,0.7200113975398847,7.121259728717253,0.4871200383780332,5.220105474346463
covid,RI_BM,bc,0.46284260556529366,1.5659169114885045,0.7158244785166813,7.066813690248983,0.49021129419130044,5.215512557257447
covid,RI_BM,bc,0.46870137272434803,1.5670180276327188,0.7127722862661497,6.955832220092598,0.49543918421094857,5.203820258530104
covid,RI_BM,bc,0.4745601398834024,1.5685193507988735,0.7102606243254603,7.008577765432119,0.4880266782118581,5.260630030612306
covid,RI_BM,bc,0.4804189070424567,1.5719695556231115,0.707809773459424,7.241628618430502,0.48256736914989345,5.3448696559384
covid,RI_BM,bc,0.4862776742015111,1.574798265188112,0.7051824870915107,7.397803452000907,0.47848768300845557,5.436005095092242
covid,RI_BM,bc,0.49213644136056545,1.5766629612864742,0.7026923986278415,7.617292463244822,0.47634364519295036,5.512487132438471
covid,RI_BM,bc,0.49799520851961976,1.5777052933107327,0.700965739415472,7.73412622654501,0.46245616649462196,5.54595056437922
covid,RI_BM,bc,0.5038539756786742,1.5785984117950338,0.6976116011574067,7.872712770417755,0.4705683406505255,5.633134307559899
covid,RI_BM,bc,0.5097127428377285,1.5809073298017355,0.696826609057589,7.949230320730108,0.4405926166089636,5.668188992311477
covid,RI_BM,bc,0.5155715099967828,1.5842770027697193,0.6939977588733105,8.022647837039766,0.44166502688879533,5.736829840394171
covid,RI_BM,bc,0.5214302771558372,1.5839593916852244,0.691037701707955,8.046191920345864,0.464521552391822,5.746248242521018
covid,RI_BM,bc,0.5272890443148915,1.5838597358392037,0.6894401479858072,8.189109673012004,0.4623443373768765,5.816467519547446
covid,RI_BM,bc,0.5331478114739459,1.5843045532075286,0.6868673457816048,8.239318788586482,0.4543428830014734,5.8257733027695275
covid,RI_BM,bc,0.5390065786330003,1.58348380723023,0.6856308247881779,8.370138018295172,0.4196674251270117,5.855051567304619
covid,RI_BM,bc,0.5448653457920546,1.5824900970289986,0.682813251999322,8.31714493586819,0.4262893879446387,5.866791934009255
covid,RI_BM,bc,0.5507241129511089,1.580773993928776,0.6800886277542655,8.3041955233075,0.4147228023454217,5.843791202036945
covid,RI_BM,bc,0.5565828801101633,1.5782021346291506,0.6793376177630496,8.194496513277146,0.4341148585541618,5.829787578331199
covid,RI_BM,bc,0.5624416472692176,1.574067436248697,0.6759987705865417,7.98502907464135,0.41266653529485425,5.722400659675191
covid,RI_BM,bc,0.568300414428272,1.5719888582120671,0.6752410581411864,7.902998287151116,0.43295793513340974,5.68661623140885
covid,RI_BM,bc,0.5741591815873264,1.5682765072938198,0.6726597966399962,7.7000371612480905,0.42180605464601423,5.593354832411984
covid,RI_BM,bc,0.5800179487463807,1.5643640370161818,0.6688999504337282,7.512891006383189,0.42844796148489467,5.4783206528903055
covid,RI_BM,bc,0.585876715905435,1.5596937438833725,0.6665137983535293,7.263214516693561,0.4310742456423708,5.386011767437457
covid,RI_BM,sc,0.005858767153195582,1.742559410587257,1.3460524065842847,2.351444768526962,1.3051357660272713,2.2829656035610184
covid,RI_BM,sc,0.011717534306391164,1.749010435319791,1.3628769256056088,2.387897915526573,1.306594240980753,2.2988057328663682
covid,RI_BM,sc,0.017576301459586746,1.6969888671091247,1.3250780955944472,2.2649396535402087,1.2867522062764662,2.20445922689732
covid,RI_BM,sc,0.023435068612782328,1.6904926417233967,1.3135725361071544,2.309760240716282,1.2621110861044738,2.2256622093272993
covid,RI_BM,sc,0.02929383576597791,1.6770556246472594,1.2940091892398784,2.3428604206778996,1.2471627237122223,2.2513555474691103
covid,RI_BM,sc,0.03515260291917349,1.6609855121052286,1.2726884409784898,2.3502344552532626,1.2113449826174327,2.2420137995562874
covid,RI_BM,sc,0.041011370072369074,1.623761441881836,1.2411584126612183,2.3238772917879835,1.1910618781033628,2.2206648851382056
covid,RI_BM,sc,0.046870137225564656,1.5730045437253555,1.1996367507497903,2.2136945405452884,1.1626101109048865,2.1372022068454295
covid,RI_BM,sc,0.05272890437876024,1.5263407579259276,1.1586991441204362,2.161327576545813,1.1073723403989444,2.0656552706418716
covid,RI_BM,sc,0.05858767153195582,1.4721529186434368,1.1104543150015076,2.0586342027497313,1.0681060554560633,1.9815896589462363
covid,RI_BM,sc,0.0644464386851514,1.411309857930314,1.056440896774381,1.9522335368510098,1.021513889210118,1.8961022077808272
covid,RI_BM,sc,0.07030520583834698,1.3500025087042304,0.9931270583962906,1.8473236294116402,0.9678465032553748,1.805430711397861
covid,RI_BM,sc,0.07616397299154257,1.3189527925752897,0.9624288906773566,1.821943944568975,0.9336025944055234,1.7750324405076015
covid,RI_BM,sc,0.08202274014473815,1.2931273392924711,0.9308876455272603,1.8072114268380908,0.8866017445061576,1.7454951144151085
covid,RI_BM,sc,0.08788150729793373,1.2566241445443698,0.9028179168895488,1.757298773439216,0.8769250579290633,1.7166302807268412
covid,RI_BM,sc,0.09374027445112931,1.2199538659953935,0.869974758229154,1.6985107161031368,0.8360211747923952,1.6517973126486571
covid,RI_BM,sc,0.0995990416043249,1.193576986603907,0.8385146162817562,1.6751106977032122,0.8098442287419597,1.6364340835016726
covid,RI_BM,sc,0.10545780875752048,1.166488808148283,0.8138990610750437,1.648843692593334,0.7867122328151239,1.6122449060129371
covid,RI_BM,sc,0.11131657591071606,1.1492925265686778,0.7952105848494169,1.6395363740312405,0.7607765385060318,1.5892975153257944
covid,RI_BM,sc,0.11717534306391164,1.1295612066537912,0.7744390344435746,1.6227371342163985,0.7428346927724214,1.5744440221080438
covid,RI_BM,sc,0.12303411021710722,1.1108113576983123,0.7572528883402239,1.6086990537767085,0.7289743770038687,1.563211712148488
covid,RI_BM,sc,0.1288928773703028,1.0941913898481082,0.73708247537704,1.5968698004336817,0.7035592897450863,1.5471789010098898
covid,RI_BM,sc,0.1347516445234984,1.0821594417227947,0.7257338211140687,1.5887704905853242,0.684650507550133,1.5315001116181957
covid,RI_BM,sc,0.14061041167669397,1.0705695492141185,0.7134188938539056,1.5842470891961757,0.6794415207089635,1.5316303507610824
covid,RI_BM,sc,0.14646917882988955,1.056266684869409,0.6999150553152463,1.5733384325611068,0.6658911179330439,1.5225492882524196
covid,RI_BM,sc,0.15232794598308513,1.0413772656125946,0.6827655535049796,1.5584629231972917,0.6513903139180539,1.5077443993456678
covid,RI_BM,sc,0.15818671313628072,1.0257491774701974,0.6639713440689058,1.5397240617265961,0.6250398343366131,1.4822395403811737
covid,RI_BM,sc,0.1640454802894763,1.0100841430366305,0.6536432051894222,1.5268754943220977,0.6120735682809597,1.4650834235566945
covid,RI_BM,sc,0.16990424744267188,0.994504209213215,0.639608140031864,1.5110518769427712,0.6133369644219512,1.46791365971659
covid,RI_BM,sc,0.17576301459586746,0.9787474082175532,0.6259754725644681,1.4986529344418134,0.5919441824479682,1.4470917789748643
covid,RI_BM,sc,0.18162178174906304,0.9675356030848599,0.616415113514537,1.489204196882305,0.5779388722620209,1.4331080514228618
covid,RI_BM,sc,0.18748054890225863,0.9565070225991777,0.6079153638019763,1.48199658963351,0.5752986396772736,1.427424678630537
covid,RI_BM,sc,0.1933393160554542,0.9450503833609811,0.5951732765865702,1.4767705042141788,0.5580787195025676,1.415212261955251
covid,RI_BM,sc,0.1991980832086498,0.9346699814026788,0.5832090803826903,1.4654276415152072,0.5418574070805396,1.3987382015218428
covid,RI_BM,sc,0.20505685036184537,0.9243788733522105,0.5736113390395428,1.460671986648672,0.5364509034374235,1.397169841574935
covid,RI_BM,sc,0.21091561751504095,0.914769845905185,0.5623966954768407,1.451182576210314,0.518425747644507,1.383899186241004
covid,RI_BM,sc,0.21677438466823654,0.9090308984198092,0.5549786539113951,1.452659726959458,0.5153465477550362,1.3855241947924604
covid,RI_BM,sc,0.22263315182143212,0.9030844311909973,0.547280250956551,1.4504744513752752,0.5088246200943446,1.3890963730158776
covid,RI_BM,sc,0.2284919189746277,0.897389631698885,0.5414893661698138,1.4519503094384236,0.5059899268096896,1.3912915293499162
covid,RI_BM,sc,0.23435068612782328,0.8897496788783444,0.5342497452449406,1.4472018419486419,0.49639218666618645,1.3847466381856064
covid,RI_BM,sc,0.24020945328101886,0.8832912634808445,0.5279846692336897,1.4381284825236922,0.48830855980687066,1.377737377132843
covid,RI_BM,sc,0.24606822043421445,0.8781726811382453,0.5228713485408403,1.435472339298003,0.48563868398013993,1.3765273244086025
covid,RI_BM,sc,0.25192698758741006,0.8728115942186192,0.5146677884013836,1.4335809790972187,0.4694023884614418,1.3642427804837156
covid,RI_BM,sc,0.2577857547406056,0.8657347341350252,0.507413756046448,1.4288686763681313,0.4672611413683092,1.362280072456722
covid,RI_BM,sc,0.26364452189380116,0.8593105250552577,0.501223847067817,1.4247943364682352,0.4617981934806687,1.358575006266322
covid,RI_BM,sc,0.2695032890469968,0.8543219911059753,0.4960579772632286,1.4246974287293386,0.45537422658514565,1.3547547123831372
covid,RI_BM,sc,0.2753620562001924,0.8485025716973544,0.491127097922661,1.4237821933038712,0.4491341710013118,1.354040294228334
covid,RI_BM,sc,0.28122082335338794,0.8436421601369064,0.4852155015121545,1.4208163631665673,0.44956588238890843,1.3572909093795735
covid,RI_BM,sc,0.2870795905065835,0.8402695210810907,0.4812659900709683,1.4203952522482617,0.4353999766454257,1.3443526741968712
covid,RI_BM,sc,0.2929383576597791,0.8345607338673329,0.47555824687170717,1.4135943111814202,0.43934605632630236,1.3499915734895875
covid,RI_BM,sc,0.2987971248129747,0.829277323125595,0.46798157859640344,1.414003113951862,0.42748872005147215,1.3423074228319514
covid,RI_BM,sc,0.30465589196617027,0.8244707069090078,0.4625339789029023,1.408871599276332,0.41619606851751323,1.333579738114025
covid,RI_BM,sc,0.3105146591193658,0.8209232104327402,0.4590161515911003,1.411752271436136,0.4144060654639017,1.3372818762503762
covid,RI_BM,sc,0.31637342627256143,0.8170541682548229,0.45542526928758437,1.41680484530823,0.40823851889613255,1.3367204271139472
covid,RI_BM,sc,0.32223219342575704,0.8142556825372405,0.45383867466522054,1.4229760233430353,0.4038914374523449,1.3392335598938596
covid,RI_BM,sc,0.3280909605789526,0.8117366900395284,0.45027957258934825,1.4304884937562874,0.4025095186956811,1.3410449523210444
covid,RI_BM,sc,0.33394972773214815,0.809476493960118,0.44670505875626276,1.4327122730010542,0.3939242917118339,1.3404477400119226
covid,RI_BM,sc,0.33980849488534376,0.8064172809922695,0.4425667959347382,1.4353100870838793,0.4012024028761952,1.3537807562424902
covid,RI_BM,sc,0.34566726203853937,0.8049971117331894,0.4410917170586741,1.4458137785096081,0.3980730748547462,1.3563146016581575
covid,RI_BM,sc,0.3515260291917349,0.8023867307936301,0.43795104562457904,1.4489466675030651,0.3881655818450579,1.3520798348033924
covid,RI_BM,sc,0.3573847963449305,0.7999430409442915,0.4362347526971055,1.4474042085666083,0.39177831565290716,1.356253472807278
covid,RI_BM,sc,0.3632435634981261,0.7980759357525202,0.4350645876049218,1.4469931703707715,0.38759312604159774,1.3545056678260314
covid,RI_BM,sc,0.3691023306513217,0.7939802478903217,0.4313781513476144,1.4443505219335038,0.3844316669423869,1.3553069537011657
covid,RI_BM,sc,0.37496109780451725,0.7919512728172698,0.4280642788574641,1.4441957611949798,0.3799250505155979,1.3539520154827145
covid,RI_BM,sc,0.3808198649577128,0.7898576146306013,0.4257715464168506,1.4505146922440402,0.36985091519302976,1.3490923299252764
covid,RI_BM,sc,0.3866786321109084,0.7868679090626616,0.4239676191550814,1.453923390263952,0.37112630902897364,1.3549260707338364
covid,RI_BM,sc,0.392537399264104,0.7846490585676846,0.42191154684429405,1.4524484889827547,0.37636561582557004,1.3629164637556601
covid,RI_BM,sc,0.3983961664172996,0.78242751220789,0.4207467735802333,1.4559601585055453,0.35915751566182413,1.3482326223783847
covid,RI_BM,sc,0.40425493357049513,0.7807934582082944,0.41612706044797787,1.4602095369759884,0.37067369741681905,1.3645809013419106
covid,RI_BM,sc,0.41011370072369074,0.7787033678043069,0.41238245152758524,1.4663878874337106,0.35368205265094455,1.354709941090515
covid,RI_BM,sc,0.41597246787688635,0.7766959063431257,0.4103259747555432,1.4712678288059957,0.3549902305051767,1.35905470297133
covid,RI_BM,sc,0.4218312350300819,0.7755772994075951,0.40834602921785207,1.4749329034509733,0.35594639875799805,1.368510363202412
covid,RI_BM,sc,0.42769000218327746,0.775085784189061,0.4063074975437113,1.477452785261526,0.3612669341569058,1.3774934584620602
covid,RI_BM,sc,0.43354876933647307,0.7735576751170299,0.40537429515459805,1.4801052592872601,0.34916205478778595,1.3715305689810091
covid,RI_BM,sc,0.4394075364896687,0.7702768836010927,0.40202834932164055,1.4837918922560798,0.3540120811153464,1.3783301330224496
covid,RI_BM,sc,0.44526630364286424,0.7683623146347918,0.398071395402827,1.4846033589899275,0.35097725267884333,1.3806162900433454
covid,RI_BM,sc,0.4511250707960598,0.7662002826594413,0.39515121053323093,1.4845577331012005,0.343318521568375,1.372349577581116
covid,RI_BM,sc,0.4569838379492554,0.7641887612529951,0.39265001069091504,1.4896950736184147,0.32881627499002947,1.367746352842304
covid,RI_BM,sc,0.462842605102451,0.7635889007567174,0.3919049237630129,1.4971069595439543,0.3141155228280457,1.3561252633802565
covid,RI_BM,sc,0.46870137225564656,0.7612921833033051,0.39184829014124023,1.5028449432774666,0.3223324936358802,1.3656930944747623
covid,RI_BM,sc,0.4745601394088421,0.760492020466105,0.3892976476693189,1.5076139650428877,0.317255182103459,1.3690854724121875
covid,RI_BM,sc,0.48041890656203773,0.7587586565596042,0.3887044578873611,1.5156651670294214,0.32764422703200247,1.3864622679553436
covid,RI_BM,sc,0.48627767371523334,0.757510604534596,0.38690298663873424,1.5222929500079336,0.32864992270499954,1.390299938774035
covid,RI_BM,sc,0.4921364408684289,0.757075953318568,0.3835668568857012,1.5331082421285154,0.31499213124568387,1.381204361299287
covid,RI_BM,sc,0.49799520802162445,0.7568137296258797,0.38158070325401106,1.536310822407321,0.3135450129216313,1.3884009157215775
covid,RI_BM,sc,0.5038539751748201,0.7558133561246261,0.3797421564460775,1.5484498379758977,0.3110452233159551,1.3940411919279516
covid,RI_BM,sc,0.5097127423280157,0.7548836613676493,0.37844560472013755,1.5531972696309293,0.3088580738179195,1.395237350397978
covid,RI_BM,sc,0.5155715094812112,0.7542326326599307,0.37572345300042226,1.5617772844312183,0.3028921425652371,1.4040272164772156
covid,RI_BM,sc,0.5214302766344068,0.753596846684879,0.3764649472434761,1.5679045890279644,0.2907123828528532,1.3924855836473353
covid,RI_BM,sc,0.5272890437876023,0.7532988009608299,0.3743910580545056,1.5706727171511206,0.30242478778011933,1.4100282334462328
covid,RI_BM,sc,0.533147810940798,0.7520029234740577,0.3738565265883367,1.5728540631499472,0.3099659183604695,1.4214430934323514
covid,RI_BM,sc,0.5390065780939935,0.7514212747186436,0.37213641059116753,1.583720742448842,0.3059328016839456,1.424743615835557
covid,RI_BM,sc,0.5448653452471891,0.7509435649332724,0.3691928746967239,1.6001981936482912,0.30202269576452156,1.4255542543691828
covid,RI_BM,sc,0.5507241124003848,0.7500388853570228,0.36750069725554263,1.6041905010950857,0.29591651526580853,1.426028372491929
covid,RI_BM,sc,0.5565828795535803,0.748854206913673,0.3652914689714539,1.607760720045313,0.3018200411749962,1.4385921691257242
covid,RI_BM,sc,0.5624416467067759,0.7470947953518314,0.3632055098471899,1.6126263326888333,0.2921039679134067,1.4355259825494617
covid,RI_BM,sc,0.5683004138599714,0.746428093841514,0.3609932226418448,1.619149790396553,0.2861375714613515,1.43450038728867
covid,RI_BM,sc,0.574159181013167,0.7455533943405306,0.3604653452797837,1.6305009812815745,0.29267455809807313,1.4452393211926025
covid,RI_BM,sc,0.5800179481663627,0.744913181313911,0.35985014725781583,1.6363622424706066,0.2893230788134332,1.4471494369436881
covid,RI_BM,sc,0.5858767153195582,0.7443662532062922,0.35911406778053645,1.6418642035897903,0.29037124258497526,1.4526264752456532
covid,RI_SE,bc,0.005858767153195582,2.0683363205945793,1.5819638943401277,2.850948244836563,1.5246154636793074,2.75449094409316
covid,RI_SE,bc,0.011717534306391164,1.9904452996100488,1.556091295141042,2.6272134048124527,1.5164007401435307,2.564023201271825
covid,RI_SE,bc,0.017576301459586746,1.9165582430014625,1.5243741615310629,2.460724414273348,1.500494895131151,2.423647435710279
covid,RI_SE,bc,0.023435068612782328,1.8463571521448503,1.4872586940290777,2.341042733378664,1.455929205199687,2.2976889182617106
covid,RI_SE,bc,0.02929383576597791,1.7808690837208991,1.4432276777474973,2.254188025974508,1.4174802538050149,2.2138843876978256
covid,RI_SE,bc,0.03515260291917349,1.7200931091269531,1.3935420309771305,2.193339104521347,1.3604992581472188,2.1431958796406514
covid,RI_SE,bc,0.041011370072369074,1.6634568637046545,1.3412469672428575,2.151538267087067,1.30193090933321,2.0914866220278454
covid,RI_SE,bc,0.046870137225564656,1.611408775979428,1.2859614593130102,2.121976385734377,1.249981890106795,2.059160017522725
covid,RI_SE,bc,0.05272890437876024,1.5624812573084965,1.2325804928795343,2.0984923878267985,1.1912024647362864,2.0278871290844314
covid,RI_SE,bc,0.05858767153195582,1.517066280236069,1.1818593554798034,2.0878840190135675,1.1327208808960032,2.001492308212873
covid,RI_SE,bc,0.0644464386851514,1.4746608769650809,1.1327894020970763,2.0826794803580393,1.0758513329160018,1.9781134821808135
covid,RI_SE,bc,0.07030520583834698,1.434710902880166,1.0868477780247832,2.081861333573665,1.0325916608158083,1.9688990627031775
covid,RI_SE,bc,0.07616397299154257,1.3970356274242786,1.0439421882058582,2.083445761226262,0.9880216385118431,1.9597550180339174
covid,RI_SE,bc,0.08202274014473815,1.3618023933170988,1.0039129653118022,2.087512062640046,0.9420127416023806,1.9484029828086944
covid,RI_SE,bc,0.08788150729793373,1.3288582321313105,0.9666852541176799,2.094708293247356,0.9019775822101355,1.9436148891469787
covid,RI_SE,bc,0.09374027445112931,1.2975262397319067,0.9321775084442038,2.103592752340759,0.8598556524214978,1.935577329401997
covid,RI_SE,bc,0.0995990416043249,1.268152690039074,0.900606984356082,2.1143054578546887,0.8278449798574388,1.9369177768494323
covid,RI_SE,bc,0.10545780875752048,1.240437138080118,0.8707867247126838,2.127669053095195,0.7905391371068681,1.9327070221487275
covid,RI_SE,bc,0.11131657591071606,1.214349244920923,0.8431663439004919,2.143429964423838,0.7671444061515894,1.9416607771008318
covid,RI_SE,bc,0.11717534306391164,1.18935000769909,0.8170957145990694,2.164250335144143,0.7404939438386958,1.948899436395153
covid,RI_SE,bc,0.12303411021710722,1.1661797752542515,0.7923498398542339,2.186173873753203,0.718189858731414,1.9605767387062665
covid,RI_SE,bc,0.1288928773703028,1.1441390814743517,0.769257859232985,2.207748896417248,0.6791411476113548,1.9572427648629487
covid,RI_SE,bc,0.1347516445234984,1.1235475391256817,0.7471272929151629,2.2320144838269775,0.6556045218266828,1.9678643683709816
covid,RI_SE,bc,0.14061041167669397,1.104304089859137,0.7259399313650099,2.2612434747048487,0.6315915792355202,1.9788754521228415
covid,RI_SE,bc,0.14646917882988955,1.0861838727382052,0.7062258912364977,2.2914069625645954,0.6070317357036384,1.9891510486605577
covid,RI_SE,bc,0.15232794598308513,1.0692029695379315,0.6872299989951257,2.325652152929983,0.5868467617529781,2.005430160646453
covid,RI_SE,bc,0.15818671313628072,1.0536039677057487,0.6692276639250303,2.359198107522778,0.573827057163896,2.0297675477163244
covid,RI_SE,bc,0.1640454802894763,1.03858469672836,0.6522434727165033,2.3972740070380185,0.555218805636693,2.0475625348294586
covid,RI_SE,bc,0.16990424744267188,1.0248937583077806,0.6358897138282208,2.4378657266938637,0.5400114229930573,2.0723870780364106
covid,RI_SE,bc,0.17576301459586746,1.0119788545848816,0.6199158926378043,2.479337063488912,0.5165018326523008,2.0888768271974634
covid,RI_SE,bc,0.18162178174906304,1.0000180658145554,0.605809324648444,2.527892457229788,0.5125361640486564,2.126338265514683
covid,RI_SE,bc,0.18748054890225863,0.9889290243885631,0.5919661622461836,2.585341842327482,0.4930533761521432,2.151938610815466
covid,RI_SE,bc,0.1933393160554542,0.9784829210234463,0.5792460928437271,2.643230560451906,0.47839597854901617,2.183786669777447
covid,RI_SE,bc,0.1991980832086498,0.9689863173911231,0.5674460718600511,2.7025359436009917,0.4612797699003361,2.2140600183851795
covid,RI_SE,bc,0.20505685036184537,0.9601244326677818,0.5557556597955234,2.768417149529819,0.45056009096677896,2.256076941652519
covid,RI_SE,bc,0.21091561751504095,0.9520304080172992,0.5444631843177696,2.833083440208433,0.43709170145433046,2.297678354259739
covid,RI_SE,bc,0.21677438466823654,0.9448022516846888,0.533871188069966,2.905688857482461,0.4266317266513812,2.3455025301835226
covid,RI_SE,bc,0.22263315182143212,0.9380116815474349,0.5234680606506897,2.981957135176969,0.4103795054453201,2.3904331791805022
covid,RI_SE,bc,0.2284919189746277,0.9317201588043291,0.5137595790979016,3.0645036707400486,0.39948751072853284,2.445843310520405
covid,RI_SE,bc,0.23435068612782328,0.9260502044709049,0.5038367784307445,3.1567467998650507,0.39693191181144794,2.512749390451769
covid,RI_SE,bc,0.24020945328101886,0.9211536717865361,0.49467904000179447,3.2599244935886262,0.3771383598564117,2.5651493685898563
covid,RI_SE,bc,0.24606822043421445,0.9164049074826413,0.4858477348045469,3.363773095590582,0.36460861691727264,2.6314378735033506
covid,RI_SE,bc,0.25192698758741006,0.9126836440597859,0.47733273916947894,3.476558491146847,0.3583556671226379,2.706073548159728
covid,RI_SE,bc,0.2577857547406056,0.9092960143183935,0.4693991813129066,3.5999045715047617,0.34971827056210064,2.7849849174716708
covid,RI_SE,bc,0.26364452189380116,0.9063485526113009,0.46178588199807097,3.731434494694656,0.3443855850343886,2.870889180444686
covid,RI_SE,bc,0.2695032890469968,0.9047104114013189,0.4544149488738036,3.8800920033276793,0.3351083271425026,2.9570336700820574
covid,RI_SE,bc,0.2753620562001924,0.9027179634105051,0.4472762217105699,4.042592160959503,0.32307111315758436,3.04149556267166
covid,RI_SE,bc,0.28122082335338794,0.9016599504197347,0.44071152333163754,4.211752528019336,0.3187541174697187,3.1412126456003
covid,RI_SE,bc,0.2870795905065835,0.9006027333358835,0.4343896652099277,4.39173316075372,0.30622454462520066,3.242481616190599
covid,RI_SE,bc,0.2929383576597791,0.9008121791857029,0.4280611649578137,4.5898316421625065,0.2984944412913291,3.355264559393141
covid,RI_SE,bc,0.2987971248129747,0.9007663416611655,0.4227657034767639,4.801626802636199,0.26415456018612365,3.4486859677283395
covid,RI_SE,bc,0.30465589196617027,0.9018207096825634,0.4170621804500109,5.007853378369134,0.2560038610475454,3.5720647089052666
covid,RI_SE,bc,0.3105146591193658,0.9029607722007983,0.412344998776878,5.253405863252823,0.2513287566696462,3.7043436881224903
covid,RI_SE,bc,0.31637342627256143,0.9044097920304732,0.40741423192990167,5.4924488305247445,0.24718962878790599,3.853250025544084
covid,RI_SE,bc,0.32223219342575704,0.9064010895277008,0.4029269177538463,5.783614858611915,0.23955911751107992,4.010534262718309
covid,RI_SE,bc,0.3280909605789526,0.9087476567938888,0.39827952477574763,6.073834234373364,0.24230949017656225,4.180670822312857
covid,RI_SE,bc,0.33394972773214815,0.9112811688546802,0.39422963601555394,6.40547637527268,0.2295069705810801,4.346929388538086
covid,RI_SE,bc,0.33980849488534376,0.9143661870832701,0.390605367289105,6.755051362233621,0.22486729651681983,4.523286704068558
covid,RI_SE,bc,0.34566726203853937,0.9181924867095879,0.38668893957802797,7.1469113669968305,0.21577175329488643,4.711674793377206
covid,RI_SE,bc,0.3515260291917349,0.9215524548711992,0.38275139214874176,7.546482843683716,0.21461855285288806,4.916684788814254
covid,RI_SE,bc,0.3573847963449305,0.9253376084709459,0.3792107717626389,8.00752845419902,0.2180283359204917,5.146832375729724
covid,RI_SE,bc,0.3632435634981261,0.9297725725900967,0.3759596817575657,8.455150370187788,0.2036491243002733,5.35742624147086
covid,RI_SE,bc,0.3691023306513217,0.933781178763361,0.37315904491026763,8.938613161533816,0.2066893926037278,5.593479349022083
covid,RI_SE,bc,0.37496109780451725,0.9384121183153113,0.37052005150475076,9.489058016884508,0.20109629503691717,5.818682412811849
covid,RI_SE,bc,0.3808198649577128,0.9440941446354484,0.3684721518411172,10.059767693761305,0.20074125256123257,6.064535423137801
covid,RI_SE,bc,0.3866786321109084,0.9509762638519346,0.36628580793987126,10.592780045300755,0.19716386549982884,6.32200320697086
covid,RI_SE,bc,0.392537399264104,0.9572038370258049,0.3638239620218173,11.181947534922775,0.19393103287880353,6.565453390100748
covid,RI_SE,bc,0.3983961664172996,0.9630171290109114,0.3619322517785295,11.73776159441448,0.18477153781866867,6.809766603570786
covid,RI_SE,bc,0.40425493357049513,0.9698394287897009,0.3599163031914456,12.319680826918194,0.1818593838991422,7.052355400193933
covid,RI_SE,bc,0.41011370072369074,0.9772383760098957,0.35780877246734316,12.89608199451228,0.17912005541478224,7.330556918810521
covid,RI_SE,bc,0.41597246787688635,0.9840936909868678,0.355867638937382,13.494768934771459,0.1765479944991497,7.5964722370148525
covid,RI_SE,bc,0.4218312350300819,0.9916263425056666,0.3546053827266202,14.027304047996823,0.18074426747918834,7.859767724441611
covid,RI_SE,bc,0.42769000218327746,1.0001651134469154,0.3530956583168594,14.4783510725768,0.1735959711196328,8.07914379931956
covid,RI_SE,bc,0.43354876933647307,1.0088141453945263,0.35174135724361566,14.912645719321405,0.1697817258573765,8.310921431808225
covid,RI_SE,bc,0.4394075364896687,1.0178528608305155,0.35066765675408074,15.20529962222906,0.1678268759832653,8.5773311840124
covid,RI_SE,bc,0.44526630364286424,1.0277604194033345,0.349357407854493,15.520156807916129,0.16601475422473258,8.79902323641076
covid,RI_SE,bc,0.4511250707960598,1.0371892332841481,0.34867084074679916,15.72354113251421,0.17083727444157587,8.975485254954798
covid,RI_SE,bc,0.4569838379492554,1.0484041740613117,0.34832846504504494,15.789266100270051,0.16266082088567324,9.104047954413215
covid,RI_SE,bc,0.462842605102451,1.059725627892674,0.348218205830988,15.88368444459257,0.16019651217845035,9.183771024563027
covid,RI_SE,bc,0.46870137225564656,1.0714640154572126,0.34786683402309193,15.863805330365096,0.15853494138393237,9.289790470252955
covid,RI_SE,bc,0.4745601394088421,1.0827574822447965,0.34777801993016166,15.73813508441343,0.1570226814063318,9.357106100823584
covid,RI_SE,bc,0.48041890656203773,1.095315224425987,0.34796477323864816,15.633744021592955,0.1622979805018394,9.361934106967102
covid,RI_SE,bc,0.48627767371523334,1.1076692499201977,0.34799989485630195,15.494201326677924,0.15442909889294185,9.344937485375981
covid,RI_SE,bc,0.4921364408684289,1.1210681218759895,0.3477942103541079,15.314467360501446,0.15334001853724052,9.293421180926185
covid,RI_SE,bc,0.49799520802162445,1.133807306101191,0.34807911369949457,15.126975684466403,0.15893418119467823,9.266154234267521
covid,RI_SE,bc,0.5038539751748201,1.147488127182444,0.3485357307631516,14.804339327227297,0.15200948334853667,9.159906335492954
covid,RI_SE,bc,0.5097127423280157,1.1621773989308917,0.34893293673960135,14.53879001313406,0.15450029205317398,9.071953268615571
covid,RI_SE,bc,0.5155715094812112,1.1778596297804569,0.3486306128671191,14.260858761114967,0.15029386520421997,8.982606500815926
covid,RI_SE,bc,0.5214302766344068,1.1922466997759331,0.34936027534658853,13.955498278490511,0.14984686971563912,8.893090269636724
covid,RI_SE,bc,0.5272890437876023,1.208510080815357,0.3500095045586989,13.61978530158641,0.15891449275493488,8.818709125416659
covid,RI_SE,bc,0.533147810940798,1.2260551609958856,0.35041543898808974,13.283103958368052,0.1587792324103576,8.708003675576597
covid,RI_SE,bc,0.5390065780939935,1.2440658636176585,0.3510001282712334,13.037678051185905,0.1557439465041649,8.606711675833735
covid,RI_SE,bc,0.5448653452471891,1.2611473739733376,0.35173432987674963,12.784809572802613,0.15336509248135577,8.536641380354201
covid,RI_SE,bc,0.5507241124003848,1.2784486209827124,0.35212145653919763,12.613873067297906,0.15854126998279044,8.50003075611154
covid,RI_SE,bc,0.5565828795535803,1.2968349581048915,0.3533789016162963,12.505546977372274,0.15888368074504008,8.493648117817049
covid,RI_SE,bc,0.5624416467067759,1.3135022872392743,0.3539103400387776,12.438412255878557,0.15004922831810485,8.519495172330561
covid,RI_SE,bc,0.5683004138599714,1.32883915667965,0.35414829621056165,12.530724077915348,0.1549031470444046,8.629996264350433
covid,RI_SE,bc,0.574159181013167,1.3457133881599752,0.3555240760586804,12.72423108755958,0.15115336415387992,8.790795164761182
covid,RI_SE,bc,0.5800179481663627,1.3629135818694267,0.3568280950456088,13.123662881319245,0.1540854619116739,8.980608121909937
covid,RI_SE,bc,0.5858767153195582,1.3796673082648199,0.3575514896496793,13.827560972927984,0.1527209007770006,9.240233204560974
covid,RI_SE,sc,0.005858767153195582,2.133960312630826,1.6008477823998148,2.9618571804159477,1.544326266438874,2.8721430235606693
covid,RI_SE,sc,0.011717534306391164,2.0275223811184526,1.5717895243350715,2.6829115337051435,1.5440563442711095,2.6365440686387163
covid,RI_SE,sc,0.017576301459586746,1.9288534639380686,1.5301535553080916,2.4762360142226636,1.5007916587599357,2.4336428873796176
covid,RI_SE,sc,0.023435068612782328,1.8371367925703082,1.4813293493600221,2.320401116124795,1.459803163392859,2.29023497884731
covid,RI_SE,sc,0.02929383576597791,1.7524243021663568,1.4242068941182222,2.2005881997825996,1.3985501783188201,2.163220723164601
covid,RI_SE,sc,0.03515260291917349,1.6729880797320793,1.3625837312096454,2.1022167564333127,1.3342287447850452,2.0629309882933304
covid,RI_SE,sc,0.041011370072369074,1.598691870524234,1.2995027677342876,2.021014169692395,1.2691314332706403,1.9771605405750683
covid,RI_SE,sc,0.046870137225564656,1.5297593819083788,1.2376578500936017,1.9468041163143432,1.2135253842047027,1.9127544913509575
covid,RI_SE,sc,0.05272890437876024,1.4654904487771079,1.1783320784139044,1.8836710380152937,1.1530697049584484,1.8441588508403177
covid,RI_SE,sc,0.05858767153195582,1.405496222817141,1.121958772396486,1.823751571597405,1.092853063408154,1.7802632178032525
covid,RI_SE,sc,0.0644464386851514,1.3494594081905267,1.068195568490226,1.76658234206904,1.043634850281326,1.7263620131911608
covid,RI_SE,sc,0.07030520583834698,1.2964755468026743,1.0184114756783624,1.7121410404379263,0.9950362010886571,1.6733703985883486
covid,RI_SE,sc,0.07616397299154257,1.247256500202073,0.9725921011152212,1.6588678868794404,0.9369442731339199,1.6098608239137917
covid,RI_SE,sc,0.08202274014473815,1.2005846222558096,0.9298463960889946,1.6095027285829453,0.8989871767818656,1.5634539656411504
covid,RI_SE,sc,0.08788150729793373,1.1568841397246528,0.8895681905637804,1.5612974624055782,0.8599989225065984,1.5151335129490195
covid,RI_SE,sc,0.09374027445112931,1.115337494065549,0.8523724144684317,1.5144365311448988,0.8282857680538142,1.4725106439850593
covid,RI_SE,sc,0.0995990416043249,1.0765218464172874,0.8176971515055872,1.4691004139710921,0.7905157909681657,1.4251485829302866
covid,RI_SE,sc,0.10545780875752048,1.0395124489845404,0.7854815563229164,1.4260425179666554,0.7649428464822777,1.3901039112200158
covid,RI_SE,sc,0.11131657591071606,1.004394494556943,0.7552905720775791,1.3849035884990382,0.7301674932299165,1.3447213669398446
covid,RI_SE,sc,0.11717534306391164,0.9711558053430619,0.7271741952497878,1.3456067954862798,0.7062914847893353,1.3108650173090493
covid,RI_SE,sc,0.12303411021710722,0.939680877449502,0.6999748085661127,1.3090194253491816,0.66982528412186,1.2638819278838007
covid,RI_SE,sc,0.1288928773703028,0.910005145257901,0.6747621615754886,1.2749012180790549,0.6483397498459142,1.2324661060597317
covid,RI_SE,sc,0.1347516445234984,0.881801060030236,0.650755476871457,1.2427369391752503,0.6246785288519424,1.1992247826466882
covid,RI_SE,sc,0.14061041167669397,0.8548689587283766,0.6276525788824945,1.2120673424125246,0.5997776461284351,1.165906091752318
covid,RI_SE,sc,0.14646917882988955,0.8296633883947004,0.60647946581712,1.1823785663146213,0.5810784911381526,1.1392292086237195
covid,RI_SE,sc,0.15232794598308513,0.8055139360742255,0.5857147899944221,1.1533745943572962,0.5663931164861956,1.117631204936733
covid,RI_SE,sc,0.15818671313628072,0.7827162614128962,0.5661802053741831,1.127405514517964,0.5424565646627718,1.086718444409274
covid,RI_SE,sc,0.1640454802894763,0.7612410307102643,0.5474888861524627,1.102009941768431,0.5253930880751583,1.0633873010759076
covid,RI_SE,sc,0.16990424744267188,0.740728641388265,0.5295673802115544,1.0782134162182984,0.5067956842872967,1.0392796011144134
covid,RI_SE,sc,0.17576301459586746,0.7211880453707326,0.5121786374509999,1.0557718946511017,0.49158067901261027,1.0182407863357228
covid,RI_SE,sc,0.18162178174906304,0.7026950964643868,0.49608069523443615,1.0340269192387388,0.4741819578385723,0.9952933106230109
covid,RI_SE,sc,0.18748054890225863,0.6848362426317185,0.4803800757992201,1.0136035592734256,0.4589321647878669,0.9755825100846036
covid,RI_SE,sc,0.1933393160554542,0.6678938030214534,0.46512237071474977,0.994752135347135,0.43949841392163363,0.9516679089574123
covid,RI_SE,sc,0.1991980832086498,0.6519251702587419,0.4506297390510541,0.9768861118930501,0.4284487186719812,0.9367547533128895
covid,RI_SE,sc,0.20505685036184537,0.6366977936988174,0.4369139362178466,0.9603081776816204,0.41110898823075115,0.9164481166464642
covid,RI_SE,sc,0.21091561751504095,0.6221589408902868,0.42394167539356337,0.9437898352561415,0.4057177994229761,0.9079607910295858
covid,RI_SE,sc,0.21677438466823654,0.6082886060695512,0.4114428202439055,0.9288674072217048,0.3877019192765876,0.8873658053410198
covid,RI_SE,sc,0.22263315182143212,0.5950532124253513,0.399880372323337,0.9151107447074504,0.3776919186005787,0.87508100049799
covid,RI_SE,sc,0.2284919189746277,0.5824245730252895,0.38860137979472914,0.9018764536892512,0.3652768671248343,0.8606529672243971
covid,RI_SE,sc,0.23435068612782328,0.5704392803507095,0.37762060374958883,0.88904910185666,0.35224510425497757,0.8455224859005531
covid,RI_SE,sc,0.24020945328101886,0.5589350976969205,0.3669940374954649,0.8774556285991477,0.3431659132174038,0.8349286396183984
covid,RI_SE,sc,0.24606822043421445,0.5478787620204963,0.35674769107369475,0.8668762242856156,0.33444071888131244,0.8254112900047411
covid,RI_SE,sc,0.25192698758741006,0.5374703890234375,0.3468946064705492,0.8570520105035765,0.32617034925472754,0.816054150207399
covid,RI_SE,sc,0.2577857547406056,0.5274774883731033,0.3374874665140398,0.8466469834259609,0.313673192620424,0.8020302456006076
covid,RI_SE,sc,0.26364452189380116,0.5181428466258335,0.32848766921133576,0.8375800339446916,0.3053834762849457,0.7929364128604766
covid,RI_SE,sc,0.2695032890469968,0.5089837548937424,0.319884857569147,0.8298515143409421,0.30050947617021767,0.7869404761609263
covid,RI_SE,sc,0.2753620562001924,0.5004007849889929,0.3116749161824429,0.8223108976357654,0.29309384306943836,0.7788060231424687
covid,RI_SE,sc,0.28122082335338794,0.49207809349178205,0.30376768046665487,0.814406930401249,0.27574221889659,0.7618333692915911
covid,RI_SE,sc,0.2870795905065835,0.4840119062469096,0.29637061509008783,0.806538834648889,0.27035312359695746,0.7564039997770848
covid,RI_SE,sc,0.2929383576597791,0.47650637428971,0.2894099514427472,0.8003024644054147,0.2684431424662865,0.7551678455201849
covid,RI_SE,sc,0.2987971248129747,0.46917778263552745,0.2828065117184753,0.7944142630340298,0.25343232559746626,0.74071611381001
covid,RI_SE,sc,0.30465589196617027,0.46226393974464286,0.27647826005015214,0.7896924068291538,0.25317986741884313,0.7411759832441001
covid,RI_SE,sc,0.3105146591193658,0.4557434064427537,0.27042675609098504,0.7852448067354335,0.2433726167530652,0.7321503337453553
covid,RI_SE,sc,0.31637342627256143,0.44944048749926147,0.2646277516689473,0.7817800396809843,0.24143199988289085,0.7309801511764864
covid,RI_SE,sc,0.32223219342575704,0.4435045452467406,0.2589657618143032,0.7783691410099121,0.235873131509616,0.7269938469218038
covid,RI_SE,sc,0.3280909605789526,0.4377199422419053,0.2535640564176156,0.7751510797906793,0.22616305169117507,0.7190313222178923
covid,RI_SE,sc,0.33394972773214815,0.4323382781147621,0.24860011196946474,0.7733286831560512,0.2247840763236153,0.7192487611998848
covid,RI_SE,sc,0.33980849488534376,0.42730739740691365,0.2437703339588257,0.7715425597209387,0.2189212860699544,0.7156155877069528
covid,RI_SE,sc,0.34566726203853937,0.4223527320095054,0.23899164482302174,0.7699073133845661,0.21376680125773076,0.7122692437511057
covid,RI_SE,sc,0.3515260291917349,0.41777878650190675,0.2343313277751521,0.7684244466199727,0.21051785506810736,0.7106452093136241
covid,RI_SE,sc,0.3573847963449305,0.4134780812629216,0.23006647304803174,0.7672885857432762,0.20656469410578426,0.7084133180767589
covid,RI_SE,sc,0.3632435634981261,0.40929444968201767,0.2259064238020474,0.7673685123501194,0.20353895123074178,0.7078088125017448
covid,RI_SE,sc,0.3691023306513217,0.40528203651383454,0.22187611114065833,0.7677376410579765,0.19575575162701778,0.703089446594049
covid,RI_SE,sc,0.37496109780451725,0.4013828612936122,0.21791587723927192,0.7679602336727824,0.19327565978011274,0.7038967502968142
covid,RI_SE,sc,0.3808198649577128,0.3976634657770618,0.21394425550768587,0.7686104424023058,0.183643169639842,0.6978441979474707
covid,RI_SE,sc,0.3866786321109084,0.3941528308458977,0.21001860427772936,0.7693069540778458,0.18062451987226122,0.6981528765935447
covid,RI_SE,sc,0.392537399264104,0.3909987346248465,0.20632959072596388,0.7701666608695,0.17725042768035393,0.698837481540094
covid,RI_SE,sc,0.3983961664172996,0.387882357684141,0.20288846119232154,0.772284936166115,0.174773225272869,0.6999156919156123
covid,RI_SE,sc,0.40425493357049513,0.38513847927686723,0.19945825654420082,0.7750820464635104,0.17028152917312403,0.699943585088007
covid,RI_SE,sc,0.41011370072369074,0.38248272564847186,0.1962635323121051,0.7786012679263165,0.16866836359239393,0.7023531939674387
covid,RI_SE,sc,0.41597246787688635,0.3800463434286212,0.19296943785460896,0.7821652597400587,0.1649235280786451,0.7032178239700883
covid,RI_SE,sc,0.4218312350300819,0.3776962560397613,0.1898727806563672,0.7852786648935001,0.1637611226771237,0.7060275702706393
covid,RI_SE,sc,0.42769000218327746,0.3755763351641397,0.18691400132188585,0.7899307457294017,0.161120209419924,0.7087228355521619
covid,RI_SE,sc,0.43354876933647307,0.3735671333249726,0.18412373355398212,0.7951093734324993,0.15633864475908746,0.7094669381609431
covid,RI_SE,sc,0.4394075364896687,0.37171967563651626,0.18157731733005134,0.8007299221717047,0.15437851758365229,0.7135454521791695
covid,RI_SE,sc,0.44526630364286424,0.370067024869161,0.1793048700493716,0.8071605182815158,0.15130430996921218,0.716393919500904
covid,RI_SE,sc,0.4511250707960598,0.3685324720340021,0.1769966577202087,0.813567998350166,0.14643298595678705,0.7182712844289886
covid,RI_SE,sc,0.4569838379492554,0.36722979605421413,0.1749305822357248,0.8202386536335885,0.14722593406962153,0.7267171712848003
covid,RI_SE,sc,0.462842605102451,0.36601547805818924,0.1730227850851021,0.8272598665080211,0.1436049465611165,0.7310457719109388
covid,RI_SE,sc,0.46870137225564656,0.364820141352619,0.17123660239056981,0.8365746534545986,0.1369900353051276,0.7329806852652682
covid,RI_SE,sc,0.4745601394088421,0.3639024371898747,0.16940434808626775,0.8436300902164185,0.13304299198270503,0.7374377827271028
covid,RI_SE,sc,0.48041890656203773,0.3631564431159786,0.1676293421032697,0.853542520943707,0.1324059665383917,0.7455497273664168
covid,RI_SE,sc,0.48627767371523334,0.36242803071224333,0.16609667829970906,0.8657518955249095,0.13029446204943415,0.7521899758379625
covid,RI_SE,sc,0.4921364408684289,0.3619029262411302,0.16434990227373455,0.8778846838837782,0.126469902194731,0.7583236744608727
covid,RI_SE,sc,0.49799520802162445,0.361530404905059,0.16261272225043286,0.8932977915146958,0.12527930250380487,0.7681133948495852
covid,RI_SE,sc,0.5038539751748201,0.3615562458459807,0.16101083040205255,0.9087812010088188,0.12356320684483416,0.7790164963155576
covid,RI_SE,sc,0.5097127423280157,0.36168774246897617,0.15952126388213028,0.9230899054016224,0.1203882423471861,0.7873237385639072
covid,RI_SE,sc,0.5155715094812112,0.3617128407580284,0.1581112580596228,0.9390412018167527,0.11663433856067061,0.7960452525899829
covid,RI_SE,sc,0.5214302766344068,0.3619037892963948,0.15713526575257247,0.9559272055232418,0.11609255987277146,0.8090761398199997
covid,RI_SE,sc,0.5272890437876023,0.3621819822416028,0.15600884603661486,0.9729127800458278,0.11190641347511712,0.8192341016734226
covid,RI_SE,sc,0.533147810940798,0.3625636701366779,0.15490081643370912,0.992693685429582,0.10904120701259022,0.8303109579130878
covid,RI_SE,sc,0.5390065780939935,0.36300277755217525,0.15372391644675712,1.0151637006390992,0.10775397657229988,0.8464733513669929
covid,RI_SE,sc,0.5448653452471891,0.3636571084100814,0.15259014605283572,1.0394341139551384,0.10714312762482404,0.862568863318885
covid,RI_SE,sc,0.5507241124003848,0.36445389990705446,0.15148798161324864,1.063780749574541,0.10579878209129259,0.8781353852605022
covid,RI_SE,sc,0.5565828795535803,0.36520147918463675,0.1504518410823142,1.0931637883956327,0.10537641667257532,0.8974224624606769
covid,RI_SE,sc,0.5624416467067759,0.366115725714865,0.1493320253315188,1.130002955328739,0.10519099970590993,0.9183694528322461
covid,RI_SE,sc,0.5683004138599714,0.3670053808703866,0.14843360864451402,1.1602099631219889,0.09580417362952835,0.9310453509700555
covid,RI_SE,sc,0.574159181013167,0.3679661534677337,0.1476903310310449,1.198031728382763,0.10221139193046697,0.9615400836764246
covid,RI_SE,sc,0.5800179481663627,0.36928378688965746,0.14691443165890286,1.2380863433497575,0.10079315438420053,0.9854491494457559
covid,RI_SE,sc,0.5858767153195582,0.3707616447180595,0.14610059446180873,1.2811207654331447,0.09051538347387125,1.0016629170630857
covid,DIS,bc,0.0058587671531955,1.22179979583426,1.00026730501793,1.78446439500444,0.980741774202969,1.67662379584827
covid,DIS,bc,0.0117175343063912,1.29049405754662,1.00261442263858,1.94002190778492,0.977715643538006,1.80855475905642
covid,DIS,bc,0.0175763014595867,1.33910746325417,1.00423132774509,2.03134489122315,0.979121542577176,1.90114156823221
covid,DIS,bc,0.0234350686127823,1.35834264800793,1.00494490201473,2.04811612848016,0.975723819297746,1.91718591184645
covid,DIS,bc,0.0292938357659779,1.40299574443234,1.00599293103028,2.2241483729422,0.976230791463333,2.06825190439546
covid,DIS,bc,0.0351526029191735,1.42575199797204,1.00608619310494,2.336848865374,0.97295069355478,2.14792665708821
covid,DIS,bc,0.0410113700723691,1.42661533190717,1.00597144341281,2.35237474837344,0.972030599345178,2.16101952872709
covid,DIS,bc,0.0468701372255647,1.42045099877305,1.00504539092851,2.34622316651219,0.96683002866597,2.15565270318914
covid,DIS,bc,0.0527289043787602,1.4032960819741,1.00324667594356,2.30828732906593,0.963963779913623,2.1192469749308
covid,DIS,bc,0.0585876715319558,1.3773538550335,1.00074031139806,2.24544908879215,0.95828687403633,2.06136171185645
covid,DIS,bc,0.0644464386851514,1.34078017565102,0.994772447698642,2.14116608469135,0.957595708778637,1.99320695447876
covid,DIS,bc,0.070305205838347,1.29389548958891,0.980154366712391,2.00974075420765,0.93807638416866,1.89722335561015
covid,DIS,bc,0.0761639729915426,1.26675996059451,0.961237616180813,1.97507868819685,0.913410952047677,1.87496486592539
covid,DIS,bc,0.0820227401447381,1.25511655528552,0.949227440722556,1.98982303476447,0.898058128374404,1.88172962435815
covid,DIS,bc,0.0878815072979337,1.2364638788949,0.923935396133189,1.97886527125149,0.866741607792624,1.86645636551575
covid,DIS,bc,0.0937402744511293,1.21019705725801,0.882295430486095,1.94630053367005,0.818780764897282,1.83053397032219
covid,DIS,bc,0.0995990416043249,1.19428144985729,0.849761568669102,1.94355611099734,0.780518555398681,1.81854649852643
covid,DIS,bc,0.10545780875752,1.1759740795042,0.81280990950675,1.9397775747248,0.743020313383899,1.8130269086673
covid,DIS,bc,0.111316575910716,1.16895513870064,0.799195287508831,1.97106249854984,0.71958419687373,1.8234985281298
covid,DIS,bc,0.117175343063912,1.16009001056422,0.781652362517869,2.00754839297449,0.70339194028178,1.85003602085613
covid,DIS,bc,0.123034110217107,1.15270080781291,0.766740035836771,2.03278663191278,0.701784495880113,1.88626543856664
covid,DIS,bc,0.128892877370303,1.14520056458127,0.74686792924839,2.0617827713237,0.6652926001465,1.88456842467558
covid,DIS,bc,0.134751644523498,1.14634299647007,0.742532113711519,2.1398441171129,0.647813227720157,1.92143448008313
covid,DIS,bc,0.140610411676694,1.14297903854283,0.730437198623829,2.1794190569553,0.639508190360092,1.95323830936334
covid,DIS,bc,0.14646917882989,1.14079640898561,0.7258005675269,2.26286072653715,0.616444029693297,1.98523067488598
covid,DIS,bc,0.152327945983085,1.13514098493917,0.708921046092625,2.29042900742836,0.591296525254315,1.99752569196164
covid,DIS,bc,0.158186713136281,1.12481008275936,0.68598716968224,2.30716124763058,0.569711390668613,2.00139318708095
covid,DIS,bc,0.164045480289476,1.11736464139534,0.668604019332408,2.3528967436655,0.555171789553773,2.02048720913794
covid,DIS,bc,0.169904247442672,1.10757680166106,0.644560593844222,2.3612203658143,0.519481157986464,2.01587180119251
covid,DIS,bc,0.175763014595867,1.09462198803191,0.614007832559152,2.34804360399386,0.495643622665191,2.01325970062035
covid,DIS,bc,0.181621781749063,1.0907523475188,0.59624218890507,2.39874494939076,0.463740543198137,2.02448968872103
covid,DIS,bc,0.187480548902259,1.08835702314267,0.584290304218621,2.46921211165848,0.438584954792333,2.04143418981132
covid,DIS,bc,0.193339316055454,1.08426336847208,0.5686005640949,2.51155876994257,0.438363372342995,2.08806241880401
covid,DIS,bc,0.19919808320865,1.07909088733678,0.550017738573049,2.53829598911126,0.42016363138297,2.10052153931887
covid,DIS,bc,0.205056850361845,1.07514285784652,0.537811900205168,2.59362813986525,0.38987132832957,2.11690328691042
covid,DIS,bc,0.210915617515041,1.07148531792472,0.520984758448667,2.63517232642786,0.397839792249005,2.17359559429705
covid,DIS,bc,0.216774384668237,1.07429765858181,0.51546817142497,2.74735889374435,0.375612381742695,2.22390961256786
covid,DIS,bc,0.222633151821432,1.07625706733483,0.509707172229156,2.85800093241411,0.357086517228914,2.26553539256452
covid,DIS,bc,0.228491918974628,1.07678137644245,0.501582605722347,2.95268120977565,0.340279427004414,2.29662576502303
covid,DIS,bc,0.234350686127823,1.07646554034673,0.494033884612591,3.05014272559663,0.338996093842408,2.35255673607071
covid,DIS,bc,0.240209453281019,1.07519836595412,0.482129981012014,3.10077136376846,0.327746020240799,2.39668814010912
covid,DIS,bc,0.246068220434214,1.07350314351078,0.468759671850491,3.150665992221,0.313021629560472,2.42803220280116
covid,DIS,bc,0.25192698758741,1.07344061730242,0.460274287448506,3.24554110805692,0.290260597739224,2.4593596920066
covid,DIS,bc,0.257785754740606,1.07355194021154,0.45061386914118,3.34454612627787,0.277399502650268,2.51020957504681
covid,DIS,bc,0.263644521893801,1.07285788609938,0.440018828080092,3.3906584584234,0.266183586143558,2.55064513364596
covid,DIS,bc,0.269503289046997,1.07546121533329,0.435790615885383,3.51204085849691,0.252965670751488,2.61295973793377
covid,DIS,bc,0.275362056200192,1.07504864478285,0.427822307236096,3.64058529397745,0.244959619482232,2.66006905188516
covid,DIS,bc,0.281220823353388,1.07586555901275,0.421363289962384,3.7287785429141,0.251344774815493,2.73063930950071
covid,DIS,bc,0.287079590506583,1.07634125584361,0.413320802010418,3.79000040389074,0.226975713759472,2.77033249535026
covid,DIS,bc,0.292938357659779,1.07563898988872,0.401857927363403,3.85679683283569,0.21398947384028,2.80884385838699
covid,DIS,bc,0.298797124812975,1.07462798535881,0.392786557223217,3.91345244013925,0.208381206009294,2.83820536494048
covid,DIS,bc,0.30465589196617,1.07301994022969,0.378583370203987,3.9448667141883,0.182485190137161,2.83393225189907
covid,DIS,bc,0.310514659119366,1.07500568281535,0.372283370096335,4.03984806334279,0.182674013219833,2.9024916149752
covid,DIS,bc,0.316373426272561,1.07977413573086,0.372629443369627,4.2069092923891,0.177967737368616,2.98757752047394
covid,DIS,bc,0.322232193425757,1.08412767171414,0.371099431635438,4.39121616434664,0.190685860628408,3.09944963141105
covid,DIS,bc,0.328090960578953,1.08744161387636,0.369957577663744,4.53225800058212,0.178069197908956,3.16720425293553
covid,DIS,bc,0.333949727732148,1.09125579722925,0.36708702221843,4.68714768094593,0.179501102658712,3.25727647205151
covid,DIS,bc,0.339808494885344,1.09377496701446,0.365727550958303,4.83810865179597,0.171749363977981,3.33483070837842
covid,DIS,bc,0.345667262038539,1.09565656426165,0.361937364465497,4.96392454616244,0.155118876768339,3.39687831392026
covid,DIS,bc,0.351526029191735,1.09759954852472,0.356974184199985,5.10712346774093,0.171135405448937,3.47424228383619
covid,DIS,bc,0.35738479634493,1.09781216918558,0.351618676504126,5.23525317095584,0.149018416500473,3.53249827944037
covid,DIS,bc,0.363243563498126,1.09909913946049,0.34674578737736,5.29599389000707,0.144115154344603,3.59011602389928
covid,DIS,bc,0.369102330651322,1.10048278597613,0.340102207505358,5.38111087340903,0.127067725082736,3.62005288732205
covid,DIS,bc,0.374961097804517,1.10111612618021,0.332241092190619,5.4815525686641,0.127249216112774,3.66397322031784
covid,DIS,bc,0.380819864957713,1.10433666166237,0.333151386601192,5.60232304660575,0.132959775941557,3.76684893249809
covid,DIS,bc,0.386678632110908,1.10802753185924,0.331095842881989,5.76675546118311,0.131898256138969,3.88323366544574
covid,DIS,bc,0.392537399264104,1.11202238985548,0.327716604249344,5.93921034587397,0.108420306530651,3.93925729536384
covid,DIS,bc,0.3983961664173,1.11514046495691,0.325589112223976,6.05862514355994,0.118927253727453,4.00897274927299
covid,DIS,bc,0.404254933570495,1.11643326961934,0.321866784317148,6.23286951239828,0.109216543093273,4.05966356356413
covid,DIS,bc,0.410113700723691,1.11831090065679,0.318653630019386,6.36636693591684,0.0974305389001753,4.12227988608272
covid,DIS,bc,0.415972467876886,1.12105383290286,0.315890436145863,6.45136257269056,0.0986105874701359,4.18684021791977
covid,DIS,bc,0.421831235030082,1.12220552608377,0.310637299429586,6.56524927045879,0.101061830649893,4.26899941672221
covid,DIS,bc,0.427690002183277,1.12327851061597,0.308831080121205,6.63219702806809,0.0935370158070802,4.30215114004098
covid,DIS,bc,0.433548769336473,1.12379951479608,0.303425110729181,6.77993736306117,0.0955434647967386,4.34044981538831
covid,DIS,bc,0.439407536489669,1.12407620349599,0.299699293688242,6.82029394838784,0.0863561247391378,4.35274225962098
covid,DIS,bc,0.445266303642864,1.12473576933184,0.294903736085443,6.89476862002787,0.0737219394622572,4.38882573045336
covid,DIS,bc,0.45112507079606,1.12367478510022,0.288847621386993,6.91822252648629,0.0795592473299851,4.44090607257622
covid,DIS,bc,0.456983837949255,1.12227686864114,0.286859944518476,6.99355062290485,0.0815286619577329,4.47590795705354
covid,DIS,bc,0.462842605102451,1.12087216712689,0.280882803479122,7.01223763679236,0.0686243802383936,4.46783453072554
covid,DIS,bc,0.468701372255647,1.11950203089625,0.272851729679452,7.11080057307271,0.0528922213629949,4.47142773231289
covid,DIS,bc,0.474560139408842,1.12158852929475,0.271690260681048,7.23678141199252,0.0539312764350327,4.55698776172626
covid,DIS,bc,0.480418906562038,1.12482294119215,0.269584673523132,7.33839381528642,0.0672582410151213,4.60071336678177
covid,DIS,bc,0.486277673715233,1.12546676158226,0.266917442240214,7.41562701596419,0.0490440249619736,4.68220104449382
covid,DIS,bc,0.492136440868429,1.12552004429323,0.262929111261645,7.58556973278134,0.054463448971216,4.73929722253341
covid,DIS,bc,0.497995208021624,1.1279418923463,0.26165925698467,7.6719615545075,0.0508960717708254,4.79569826829742
covid,DIS,bc,0.50385397517482,1.12768321631088,0.258931450070676,7.71218547339725,0.0452785067889002,4.83586247679557
covid,DIS,bc,0.509712742328016,1.12720199057063,0.256747087293119,7.83198306569456,0.046398162217861,4.86294383605241
covid,DIS,bc,0.515571509481211,1.1277221103301,0.253272956988184,7.9319602672908,0.048839162676057,4.89297570975146
covid,DIS,bc,0.521430276634407,1.12722820049009,0.25096506312076,7.8994124741169,0.0374368892472662,4.94276702980676
covid,DIS,bc,0.527289043787602,1.12670317049929,0.247627159523138,7.9693609861469,0.0390870108790998,4.99834580896938
covid,DIS,bc,0.533147810940798,1.12616804549232,0.243542967381881,8.12681373716223,0.0430297581466378,5.00126453596411
covid,DIS,bc,0.539006578093994,1.12597606221046,0.239519966569207,8.06611783391878,0.0396977501722486,4.99743290165788
covid,DIS,bc,0.544865345247189,1.12351854811945,0.235482817096131,8.10573323369335,0.0385454009117312,5.00189554226405
covid,DIS,bc,0.550724112400385,1.12089383842445,0.230853679697785,8.00392060953824,0.0319061683688451,4.988767432901
covid,DIS,bc,0.55658287955358,1.11913602628106,0.225897551757562,7.96404769449295,0.0352988214442802,4.97792466576001
covid,DIS,bc,0.562441646706776,1.11566160117114,0.219695113198931,7.9352071708878,0.0376777354739219,4.95916416213834
covid,DIS,bc,0.568300413859971,1.11444336972004,0.2174461252877,7.90209515947186,0.0243864704201641,4.93066771603653
covid,DIS,bc,0.574159181013167,1.11191266780187,0.212827088766127,7.8232383613025,0.0260112993028486,4.87481935929932
covid,DIS,bc,0.580017948166363,1.11191266780187,0.212827088766127,7.8232383613025,0.0260112993028486,4.87481935929932
covid,DIS,bc,0.585876715319558,1.10784200651373,0.20645569628712,7.74189245582512,0.0265316316747016,4.83620692509367
covid,DIS,sc,0.0058587671531955,1.39256898499986,1.04278287443657,1.98639473209559,0.99361808250905,1.871577201596
covid,DIS,sc,0.0117175343063912,1.48261653995277,1.06269336632396,2.1315339460279,1.00006244051786,2.01337157087982
covid,DIS,sc,0.0175763014595867,1.53693594368666,1.07604011415792,2.23125044923196,1.00179275722175,2.1045792188806
covid,DIS,sc,0.0234350686127823,1.53552448898328,1.07708504747025,2.20772129832946,0.998413627941664,2.08860926491726
covid,DIS,sc,0.0292938357659779,1.61221944501948,1.09067707426616,2.44186910824237,0.996696207230223,2.28316043325197
covid,DIS,sc,0.0351526029191735,1.64374049969951,1.09223712459694,2.57716987290595,0.997023995288597,2.39574677562838
covid,DIS,sc,0.0410113700723691,1.62689785655581,1.08643729712138,2.56018411429553,0.990927534576541,2.37093354214677
covid,DIS,sc,0.0468701372255647,1.60121649020306,1.07703594115103,2.55114226494663,0.992849020263856,2.36822480421078
covid,DIS,sc,0.0527289043787602,1.55466080864402,1.05924509058597,2.46703993418598,0.984120487545068,2.28780791335107
covid,DIS,sc,0.0585876715319558,1.49656062041051,1.03490558724969,2.36723714180218,0.970099046543197,2.20083665032922
covid,DIS,sc,0.0644464386851514,1.41198431901306,0.999117052905087,2.19631651222067,0.936225359046589,2.06149652313386
covid,DIS,sc,0.070305205838347,1.31134788531246,0.92376994606127,1.99137670649206,0.881056179062187,1.91362163444193
covid,DIS,sc,0.0761639729915426,1.2542695296493,0.865555013998661,1.9038701920496,0.823974625751232,1.83154245999921
covid,DIS,sc,0.0820227401447381,1.23157220130307,0.845988742599192,1.90325271400312,0.797980699761211,1.82647235100484
covid,DIS,sc,0.0878815072979337,1.19456620371921,0.807798720171087,1.85413524005542,0.75363596085394,1.77006246663536
covid,DIS,sc,0.0937402744511293,1.13800464308363,0.752679232740308,1.76266225101808,0.716227760933059,1.69941715938322
covid,DIS,sc,0.0995990416043249,1.10414016567396,0.716438318706311,1.72240972698455,0.67521897425976,1.65345018986045
covid,DIS,sc,0.10545780875752,1.06198468539678,0.6680478284063,1.66107402406318,0.626318975955098,1.59451566522703
covid,DIS,sc,0.111316575910716,1.04431007616679,0.652410543258552,1.66022827153849,0.599511063305977,1.575857157114
covid,DIS,sc,0.117175343063912,1.02472295500224,0.633986601690946,1.64536088465226,0.581284781522784,1.55625800320365
covid,DIS,sc,0.123034110217107,1.00526475437194,0.613767080688678,1.62970089078285,0.571404629300364,1.55310295271171
covid,DIS,sc,0.128892877370303,0.985324329189072,0.59333662846047,1.61204298115999,0.541316471258377,1.52166626814957
covid,DIS,sc,0.134751644523498,0.982381488185014,0.588187074261447,1.63744848903993,0.541950761789971,1.54035213207757
covid,DIS,sc,0.140610411676694,0.967058655109606,0.572837807023198,1.63425743437634,0.520167320122798,1.52885438104328
covid,DIS,sc,0.14646917882989,0.955395541452617,0.566472545606593,1.64501521058566,0.505721999212964,1.52562817498963
covid,DIS,sc,0.152327945983085,0.935646630056767,0.546715216393588,1.61758411872782,0.482443996939543,1.50177371806748
covid,DIS,sc,0.158186713136281,0.905918331684376,0.523389015714036,1.57335916731047,0.463147143333565,1.45973209598608
covid,DIS,sc,0.164045480289476,0.880772912950427,0.503810405962665,1.53804314737228,0.446708101753037,1.43037633232427
covid,DIS,sc,0.169904247442672,0.848023834361493,0.475560033236034,1.47765052079704,0.425781272648777,1.37848110149985
covid,DIS,sc,0.175763014595867,0.808659171714838,0.439946635989797,1.40913409641998,0.393275771634291,1.31953714117593
covid,DIS,sc,0.181621781749063,0.787141749110118,0.423983325328548,1.3838637096944,0.376981373274031,1.29777413294428
covid,DIS,sc,0.187480548902259,0.771530599536528,0.411956311525618,1.37623850717655,0.360316046428358,1.28413097041501
covid,DIS,sc,0.193339316055454,0.752466591600536,0.397699377373371,1.35560128207394,0.346302678588128,1.25861123478831
covid,DIS,sc,0.19919808320865,0.727877480638447,0.374379417441169,1.32346357364056,0.334102996390328,1.23942499483353
covid,DIS,sc,0.205056850361845,0.709642357024441,0.359867095663792,1.30469890620885,0.31882813262522,1.21991576993194
covid,DIS,sc,0.210915617515041,0.687698072933713,0.340715397810429,1.27282431070532,0.293611595943016,1.18902933567029
covid,DIS,sc,0.216774384668237,0.682854495906067,0.336239285779812,1.28418438029778,0.287968491699097,1.19365921825599
covid,DIS,sc,0.222633151821432,0.675090416464836,0.330909902266767,1.28913697904363,0.281623678063671,1.18955428896506
covid,DIS,sc,0.228491918974628,0.664971416683019,0.32441990028537,1.27971107714874,0.283507346105626,1.19251295775671
covid,DIS,sc,0.234350686127823,0.651320964241677,0.313332812656113,1.26955712120686,0.263130902309654,1.16727535316872
covid,DIS,sc,0.240209453281019,0.634133194151788,0.301864636651523,1.25013965852487,0.253726169896156,1.15523978577586
covid,DIS,sc,0.246068220434214,0.616522053055711,0.286653727609319,1.23208998744124,0.247175665717229,1.14382905056883
covid,DIS,sc,0.25192698758741,0.606008073582101,0.278410771844971,1.22506377031855,0.236757227688608,1.13801401252143
covid,DIS,sc,0.257785754740606,0.592139107653063,0.26871175699122,1.21194673776201,0.230227476301475,1.12666904284054
covid,DIS,sc,0.263644521893801,0.577264217436023,0.256651329389124,1.20275835199151,0.212955367999357,1.11094590403727
covid,DIS,sc,0.269503289046997,0.568671356438745,0.251508179244013,1.20005850152278,0.205391360420402,1.10491177032862
covid,DIS,sc,0.275362056200192,0.560423108340516,0.244260621253522,1.19739505368545,0.197623813362234,1.09962587655176
covid,DIS,sc,0.281220823353388,0.549298546099796,0.235859525304476,1.18311101692078,0.185103101655465,1.0856688488413
covid,DIS,sc,0.287079590506583,0.53739485292232,0.228589437897825,1.17884164388765,0.182043168507883,1.08425750517941
covid,DIS,sc,0.292938357659779,0.523769188994716,0.219229775895357,1.168956746304,0.177286572195308,1.07673822080768
covid,DIS,sc,0.298797124812975,0.509261404813652,0.208654431463553,1.15368755711237,0.168846446173008,1.06435398756567
covid,DIS,sc,0.30465589196617,0.492907894473681,0.195649892401688,1.14081945649115,0.156030494117292,1.05055622048373
covid,DIS,sc,0.310514659119366,0.48394143533432,0.18855940548471,1.13828875937835,0.146948709109328,1.04446309392647
covid,DIS,sc,0.316373426272561,0.481756539680958,0.18687762412946,1.14265192772548,0.145934408323527,1.05024830993022
covid,DIS,sc,0.322232193425757,0.479657350833926,0.184316479452912,1.15061125943938,0.14585265073273,1.05415436966547
covid,DIS,sc,0.328090960578953,0.475586944237559,0.181419000047475,1.15625734489384,0.13877573850765,1.05322868700267
covid,DIS,sc,0.333949727732148,0.472237532594547,0.179108234372164,1.15917939159098,0.135327865995761,1.05404320340695
covid,DIS,sc,0.339808494885344,0.467140483653312,0.175401532516525,1.15877220168912,0.130485284494665,1.04961125649084
covid,DIS,sc,0.345667262038539,0.461339225230873,0.171218676034329,1.16049030260333,0.123037633291962,1.04674032489865
covid,DIS,sc,0.351526029191735,0.455016076830173,0.16652199728106,1.1601931830693,0.125611846344945,1.05196467492308
covid,DIS,sc,0.35738479634493,0.44763260573318,0.161589544760554,1.15410777589569,0.123765237422475,1.05085562092562
covid,DIS,sc,0.363243563498126,0.44072724855316,0.156138871214807,1.15128781302025,0.111248430194624,1.0397104292049
covid,DIS,sc,0.369102330651322,0.432187341471401,0.150519330734441,1.1449291609364,0.107754240269469,1.03806836806351
covid,DIS,sc,0.374961097804517,0.422899238685705,0.143156655613152,1.13830282946992,0.105645542563339,1.03577255203677
covid,DIS,sc,0.380819864957713,0.420483422750573,0.141685136371479,1.14589714102771,0.102803693714205,1.03875923706814
covid,DIS,sc,0.386678632110908,0.418474596796355,0.14068170605344,1.1544062251536,0.102036529012134,1.04005271682248
covid,DIS,sc,0.392537399264104,0.414986176370454,0.137303346031815,1.15852682247333,0.0955489020360686,1.03796058050764
covid,DIS,sc,0.3983961664173,0.412218598473317,0.134519040932756,1.15917729942479,0.0900382224164735,1.03601664108725
covid,DIS,sc,0.404254933570495,0.408549918124987,0.131837475592692,1.16575933582438,0.0873050731424653,1.03859503222449
covid,DIS,sc,0.410113700723691,0.404969555694055,0.129779658323716,1.16523004735455,0.0897930667416856,1.04079156840111
covid,DIS,sc,0.415972467876886,0.399493191890117,0.125645543135782,1.16407441937028,0.0805810143294465,1.03515663374554
covid,DIS,sc,0.421831235030082,0.393637751998845,0.122382987383887,1.17156254404434,0.084333614916658,1.04269643957884
covid,DIS,sc,0.427690002183277,0.388752610393719,0.119078653083741,1.17439732713075,0.0788331426698035,1.03723829511064
covid,DIS,sc,0.433548769336473,0.383538962982247,0.115646208717884,1.16835347218559,0.0743768661562355,1.03540492575854
covid,DIS,sc,0.439407536489669,0.37892230630158,0.111591845286081,1.16956371262934,0.0684064595966407,1.03025561347273
covid,DIS,sc,0.445266303642864,0.372761381824166,0.107415596403822,1.17082471867148,0.0665396427011822,1.03174088210772
covid,DIS,sc,0.45112507079606,0.367182161210949,0.102230534420276,1.16668311481463,0.0645851965476654,1.03083203977067
covid,DIS,sc,0.456983837949255,0.359720262526785,0.0986139152147683,1.16040729916028,0.0635259878638925,1.02728567677264
covid,DIS,sc,0.462842605102451,0.3534082862594,0.0940957311174813,1.16033842270773,0.0589200337797895,1.02435855831917
covid,DIS,sc,0.468701372255647,0.346402404923075,0.0896628645656016,1.16152393275772,0.0530153049436912,1.01956450890538
covid,DIS,sc,0.474560139408842,0.344416467873123,0.0872540522350993,1.16986037005514,0.045987516648894,1.01876426737631
covid,DIS,sc,0.480418906562038,0.342669876086233,0.085107056015003,1.17625121646634,0.0516050033615415,1.02842026392532
covid,DIS,sc,0.486277673715233,0.339456342145817,0.0831927175629389,1.18284076942197,0.0435740462241887,1.02741801148634
covid,DIS,sc,0.492136440868429,0.337457461761823,0.0809665318696438,1.18875286232795,0.0446996089284348,1.03061169325151
covid,DIS,sc,0.497995208021624,0.335131860490763,0.0794140887628376,1.19737774125351,0.0462335608647998,1.03850874783234
covid,DIS,sc,0.50385397517482,0.333067720144807,0.0772081540043257,1.20083473480375,0.0404424462376958,1.03822313186269
covid,DIS,sc,0.509712742328016,0.330495930065947,0.0753867204786805,1.20557278561275,0.0372424417202552,1.04070664868878
covid,DIS,sc,0.515571509481211,0.327489794095304,0.0727999361465486,1.21310943461448,0.0347537309146728,1.0388668435187
covid,DIS,sc,0.521430276634407,0.324609013181302,0.0706239777850299,1.22501508406746,0.0308571234688357,1.04184184967028
covid,DIS,sc,0.527289043787602,0.32150855509304,0.0686140159140029,1.22719068955798,0.031139668173546,1.04312340483697
covid,DIS,sc,0.533147810940798,0.318631961727191,0.0664325046464812,1.22868066168653,0.0296754570838772,1.04589227042243
covid,DIS,sc,0.539006578093994,0.315103255153129,0.064339509242412,1.23738378813738,0.0290402066877732,1.04729936694063
covid,DIS,sc,0.544865345247189,0.311259891180076,0.0614640246676436,1.23640779743516,0.026985477491781,1.05027651818274
covid,DIS,sc,0.550724112400385,0.30814133194956,0.0590862786867915,1.24663494556173,0.0244541786616768,1.05316959718829
covid,DIS,sc,0.55658287955358,0.304742597738296,0.056425129059148,1.2495503980428,0.0231947098166299,1.05361841711087
covid,DIS,sc,0.562441646706776,0.301665580366083,0.0537397599488451,1.25409251409886,0.0210250230230968,1.05365722368849
covid,DIS,sc,0.568300413859971,0.29775584239943,0.0510659333553735,1.2575053565592,0.0188318170390672,1.0543822340836
covid,DIS,sc,0.574159181013167,0.295017798074796,0.0480130962104626,1.25984776708946,0.016404344041686,1.05323609864466
covid,DIS,sc,0.580017948166363,0.291194801422794,0.0450007978409309,1.26364630797031,0.0154747500439176,1.0556764001993
covid,DIS,sc,0.585876715319558,0.291194801422794,0.0450007978409309,1.26364630797031,0.0154747500439176,1.0556764001993
